-7.315850295367436e-05,0.049285999999999996,7.758533922751163e-06
-7.121140640091373e-05,0.049283999999999994,7.12120947531013e-06
-6.722579332939237e-05,0.04928199999999999,6.316989478858283e-06
-6.852036771653409e-05,0.049279999999999984,7.66055319159737e-06
-6.521826842984329e-05,0.04927799999999998,7.520705811403709e-06
-6.767916950563518e-05,0.04927599999999998,9.741892227770638e-06
-6.587630171844297e-05,0.04927399999999998,4.729728213233499e-06
-6.58803408694521e-05,0.049271999999999976,7.485049673560135e-06
-6.652738077472782e-05,0.049269999999999974,6.66762848510459e-06
-6.50195100438734e-05,0.04926799999999997,6.9616301191919335e-06
-5.644928172501999e-05,0.04926599999999997,6.811910682493028e-06
-5.7538523349772275e-05,0.04926399999999997,6.560549420444816e-06
-5.882902941390591e-05,0.049261999999999966,7.077708051276652e-06
-5.680076059767008e-05,0.049259999999999964,5.3826984914913256e-06
-6.159758897016326e-05,0.04925799999999996,4.5252054030397094e-06
-5.644633743474947e-05,0.04925599999999996,6.002804640996388e-06
-5.673989968682775e-05,0.04925399999999996,6.521412751319475e-06
-5.425364902391366e-05,0.049251999999999956,6.871870396990693e-06
-5.0544928181357704e-05,0.049249999999999954,8.604542901184992e-06
-4.992728626629687e-05,0.049247999999999945,4.9096244436896375e-06
-4.9469728481367545e-05,0.04924599999999994,5.8626206335294364e-06
-4.967686914243616e-05,0.04924399999999994,3.918681333361281e-06
-4.674428109928516e-05,0.04924199999999994,6.736355481359852e-06
-4.9136568321075684e-05,0.04923999999999994,7.825132423123635e-06
-4.4712890164307034e-05,0.049237999999999935,8.046381214205838e-06
-3.994872563805229e-05,0.04923599999999993,6.3176624002325974e-06
-4.0573863847998734e-05,0.04923399999999993,6.348860765565168e-06
-3.504631414826466e-05,0.04923199999999993,6.0912209889239754e-06
-3.3768277063855324e-05,0.04922999999999993,6.188946484940166e-06
-2.9759207168816882e-05,0.049227999999999925,4.67028599401034e-06
-3.056016264184827e-05,0.04922599999999992,8.867855142908967e-06
-2.438802307396367e-05,0.04922399999999992,4.921707766094137e-06
-2.3877693377528342e-05,0.04922199999999992,6.917199183895862e-06
-1.8703086227406566e-05,0.04921999999999992,6.092902934430767e-06
-1.5692334539973294e-05,0.049217999999999915,7.704084012572834e-06
-1.4174547688402816e-05,0.049215999999999906,3.939374037675217e-06
-9.196853130745393e-06,0.049213999999999904,6.18681557400339e-06
-5.266034501595749e-06,0.0492119999999999,6.022424170669731e-06
-5.849730192509385e-06,0.0492099999999999,4.074092482315589e-06
-6.071728170654906e-07,0.0492079999999999,3.910863476007417e-06
-2.5697454889009123e-06,0.049205999999999896,5.0091061066942485e-06
1.9886790150570887e-06,0.049203999999999894,4.907238278167973e-06
2.8107713038353524e-06,0.04920199999999989,3.981856444258055e-06
2.675977581549989e-06,0.04919999999999989,6.9364481547936235e-06
5.8382137167769745e-06,0.04919799999999989,5.065585253949461e-06
2.4256543468540312e-06,0.049195999999999886,5.818954203561757e-06
3.7075496239376216e-06,0.049193999999999884,5.324304137247783e-06
2.3940453641920453e-06,0.04919199999999988,5.160931568689442e-06
2.194559817344731e-06,0.04918999999999988,6.813100490056966e-06
-1.0597365769610797e-06,0.04918799999999988,5.178576314135621e-06
-2.0673644133516397e-06,0.04918599999999987,7.22251405727721e-06
-1.1164443188938578e-05,0.04918399999999987,5.54201822117959e-06
-1.2347839152011142e-05,0.049181999999999865,5.131891303769607e-06
-1.837595321313036e-05,0.04917999999999986,4.412912610739678e-06
-2.1478033313489117e-05,0.04917799999999986,6.920622614480551e-06
-3.0330066638778913e-05,0.04917599999999986,8.070279123184695e-06
-3.4169014655706774e-05,0.04917399999999986,4.496658289250123e-06
-4.4941323805448894e-05,0.049171999999999855,5.8373604987028195e-06
-5.613308173988828e-05,0.04916999999999985,7.219782885254761e-06
-6.229271487149417e-05,0.04916799999999985,7.55156590853629e-06
-7.5685942819379e-05,0.04916599999999985,6.29909784270185e-06
-8.600111412251926e-05,0.04916399999999985,7.331537877783229e-06
-9.742008258477601e-05,0.049161999999999845,8.427516759916644e-06
-0.00011315394795164861,0.04915999999999984,1.0582199322769756e-05
-0.00012816079524809342,0.04915799999999984,1.39437828545459e-05
-0.00014357253622228707,0.04915599999999984,1.041309061735895e-05
-0.00015353157737831534,0.04915399999999983,1.3599927993589932e-05
-0.00017136753389662625,0.04915199999999983,1.5875282223458683e-05
-0.00019602605643097312,0.049149999999999826,2.048377814030058e-05
-0.00021997556474986305,0.049147999999999824,1.5387380044212795e-05
-0.00023181547400406296,0.04914599999999982,2.2228053709927037e-05
-0.00025369345916221344,0.04914399999999982,1.8736909146518046e-05
-0.00026673436407598873,0.04914199999999982,2.8733631057749226e-05
-0.00028320201514939257,0.049139999999999816,2.5907204795460725e-05
-0.000301111669702733,0.049137999999999814,2.5736518176262026e-05
-0.0003344053726775801,0.04913599999999981,2.481105113111371e-05
-0.00034361046023165145,0.04913399999999981,4.1510705049920736e-05
-0.00035760364571358515,0.04913199999999981,2.1124867133373044e-05
-0.00034927281178544976,0.049129999999999806,2.746895631790725e-05
-0.0003625746059247412,0.049127999999999804,2.716121884066003e-05
-0.0003704502962723145,0.0491259999999998,2.6160906531247123e-05
-0.0003746084086762861,0.04912399999999979,2.712924359669041e-05
-0.0003631172538559143,0.04912199999999979,3.131099881254939e-05
-0.0003589405096118645,0.04911999999999979,1.8499626167543587e-05
-0.00033674541155558004,0.04911799999999979,2.279358356758033e-05
-0.0003183382354978984,0.049115999999999785,2.249606301922785e-05
-0.0002959189316623989,0.04911399999999978,1.7820171999710416e-05
-0.00026318995410453446,0.04911199999999978,2.437204477771789e-05
-0.00023419218481194817,0.04910999999999978,1.8172223977953048e-05
-0.00020928038777058732,0.04910799999999978,2.3837284486617422e-05
-0.00016552606317560864,0.049105999999999775,1.716773661758613e-05
-0.00013510095993099039,0.04910399999999977,1.533531981730411e-05
-0.00011332975736543079,0.04910199999999977,1.3093932708858866e-05
-8.747531441234677e-05,0.04909999999999977,1.2822498318063913e-05
-6.82858789169814e-05,0.04909799999999977,1.3532941806001713e-05
-5.819532387840808e-05,0.049095999999999765,6.835063082363109e-06
-6.413273103180311e-05,0.04909399999999976,1.3354023895691984e-05
-8.54464297963097e-05,0.049091999999999754,1.70312792116486e-05
-0.00013999904928608801,0.04908999999999975,3.460333300184442e-05
-0.00022173064126705506,0.04908799999999975,4.3641299279200446e-05
-0.0003280158929706668,0.04908599999999975,5.6824929311920884e-05
-0.00047809267517347,0.049083999999999746,7.446602336079876e-05
-0.0006482305210935667,0.049081999999999744,9.436499098781224e-05
-0.0008579885707495322,0.04907999999999974,0.0001241545249490426
-0.001151300393159662,0.04907799999999974,0.00014994892962013408
-0.0015689564965315928,0.04907599999999974,0.00023499115896958008
-0.0019776373743672416,0.049073999999999736,0.0003183896244055786
-0.0024873447613820237,0.049071999999999734,0.0002804988803391166
-0.0029680438488092634,0.04906999999999973,0.00040335064943874363
-0.0036098778354668117,0.04906799999999973,0.000379828884897555
-0.004343714983279412,0.04906599999999973,0.00042986475353605936
-0.0050152536323703955,0.049063999999999726,0.0003707408915777843
-0.005500889457007302,0.049061999999999724,0.00044564081184707055
-0.006591900329649658,0.049059999999999715,0.0005737740041305868
-0.0079306966380442,0.04905799999999971,0.0007306514724650079
-0.008653869238472896,0.04905599999999971,0.0006926060161181469
-0.009746303656065367,0.04905399999999971,0.0006490730326907783
-0.01080695990524491,0.04905199999999971,0.0007182464269006149
-0.011741412037173266,0.049049999999999705,0.0005575257355928925
-0.012597403589757961,0.0490479999999997,0.0008924030706078139
-0.013227334830347683,0.0490459999999997,0.0007872559607293498
-0.01342561730540129,0.0490439999999997,0.0008306138098670605
-0.013930456500127426,0.0490419999999997,0.0006142023648227112
-0.01439812108790651,0.049039999999999695,0.0011174611533427419
-0.015062908624491483,0.04903799999999969,0.00043244820688263325
-0.015227027196757122,0.04903599999999969,0.0007242452343744929
-0.014388727440017277,0.04903399999999969,0.0006326155860944117
-0.013753447515182825,0.04903199999999969,0.0008909114646872814
-0.0125773857095154,0.04902999999999968,0.0006967353833564448
-0.010834597072527841,0.049027999999999676,0.001287726087369658
-0.009387013641099942,0.049025999999999674,0.0006987645051195773
-0.0072484866888926506,0.04902399999999967,0.0011522942885121145
-0.004873015631332998,0.04902199999999967,0.0012862040963531507
-0.0018186844087591152,0.04901999999999967,0.0013448413473461911
0.0013145404366390857,0.049017999999999666,0.001694121011342899
0.004860807667811992,0.049015999999999664,0.001778374850985955
0.009144126308717868,0.04901399999999966,0.002517567136699774
0.013573424804971696,0.04901199999999966,0.002479437998147456
0.01758580774808774,0.04900999999999966,0.0020872770354331935
0.022828343464559423,0.049007999999999656,0.0032729945276449264
0.026926152163737168,0.049005999999999654,0.0020364156659879824
0.030989544850122466,0.04900399999999965,0.0025766752714982627
0.033948330669318225,0.04900199999999965,0.002521084627515314
0.03765678514358609,0.04899999999999965,0.003120949814347442
0.040496362908537725,0.04899799999999964,0.0026490100586841338
0.04251952980523363,0.04899599999999964,0.002087809869923678
0.045480538619924,0.048993999999999635,0.002619385456841862
0.04757955656767284,0.04899199999999963,0.0020490695536437187
0.048030461458520905,0.04898999999999963,0.00206376168747639
0.0476349701929244,0.04898799999999963,0.001983721578190104
0.04801283283820526,0.04898599999999963,0.0014618821486540848
0.046064620184207705,0.048983999999999625,0.001890071057521178
0.0429746722528631,0.04898199999999962,0.0028497287866452556
0.0400332806987454,0.04897999999999962,0.0021135949051486395
0.03727838431860575,0.04897799999999962,0.002778602167756864
0.03227987899953164,0.04897599999999962,0.001817522384608445
0.027059904260028817,0.048973999999999615,0.0032091853114002665
0.02132413598991808,0.04897199999999961,0.0036815355964125857
0.013675639385393939,0.04896999999999961,0.003546545779026602
0.007071309580532462,0.04896799999999961,0.003428096989728326
0.0005368769571223055,0.0489659999999996,0.002919806890827259
-0.006095320253426084,0.0489639999999996,0.0030071492962562662
-0.012629075180090498,0.048961999999999596,0.002972802356948793
-0.01943047260896287,0.048959999999999594,0.0028368637536307873
-0.024533168336142153,0.04895799999999959,0.0025658780803088474
-0.02992955394012194,0.04895599999999959,0.0027029130111788993
-0.03593997319614191,0.04895399999999959,0.002591513091357801
-0.040595097208950236,0.048951999999999586,0.0030246544034099794
-0.044056273448589624,0.048949999999999584,0.0022608403917479068
-0.04687307728249448,0.04894799999999958,0.0022684389763290742
-0.049925041050972924,0.04894599999999958,0.0018424372480928665
-0.051938937302762236,0.04894399999999958,0.001415200628990477
-0.050656630987812486,0.048941999999999576,0.002922503598660005
-0.04974354955921034,0.048939999999999574,0.0018667949652868374
-0.04915803451234735,0.04893799999999957,0.0024409062065024775
-0.04904638885623452,0.04893599999999956,0.0017154743921049716
-0.04545682246081603,0.04893399999999956,0.0025396565699748654
-0.04247698471179862,0.04893199999999956,0.002400801823635071
-0.04000743251201612,0.04892999999999956,0.002504262782605274
-0.03640001779211457,0.048927999999999555,0.0024496653440230177
-0.03201597170760788,0.04892599999999955,0.001989377060895439
-0.026999833157944016,0.04892399999999955,0.002696076328706259
-0.0224609909318167,0.04892199999999955,0.0025084931390794768
-0.0185093241790212,0.04891999999999955,0.0016325278070491848
-0.014742817538989275,0.048917999999999545,0.0021853374566833607
-0.010263582801037268,0.04891599999999954,0.002498721350050151
-0.006342905288705872,0.04891399999999954,0.002026830570803333
-0.0026106231874819816,0.04891199999999954,0.0015466204508116808
0.0005248002257055603,0.04890999999999954,0.0014889084946234413
0.0032368945578954704,0.048907999999999535,0.0012132966000145504
0.005460730715994695,0.04890599999999953,0.0010007529103527773
0.007404581106681546,0.048903999999999524,0.0010328974342130046
0.008625944774754847,0.04890199999999952,0.0006927159022941851
0.009762000546874407,0.04889999999999952,0.0009290301506888363
0.010730414520705434,0.04889799999999952,0.0007961615684594555
0.011324878275744181,0.048895999999999516,0.0006151254146482902
0.011798815956441305,0.048893999999999514,0.0006721890016958081
0.011807039114783072,0.04889199999999951,0.0007280887277633722
0.011350072353609738,0.04888999999999951,0.0008964460522140936
0.011276401539140822,0.04888799999999951,0.0009672281279459582
0.01070848662980136,0.048885999999999506,0.000781618658563208
0.010278702366498265,0.048883999999999504,0.0010261562592695007
0.009637935583540206,0.0488819999999995,0.00047116060350200156
0.009003200921767481,0.0488799999999995,0.0005980587555039965
0.008565899321532497,0.0488779999999995,0.0006202216751049774
0.007712103229629997,0.048875999999999496,0.000687841395148046
0.0070576002691279316,0.04887399999999949,0.0004875723340429151
0.006754359696353175,0.048871999999999485,0.00042025974119244095
0.006361114740736154,0.04886999999999948,0.0004443532626043694
0.006085950532084317,0.04886799999999948,0.0003603663232428787
0.005835182370583484,0.04886599999999948,0.0002556087497171473
0.005549371841503246,0.04886399999999948,0.00024701605655668443
0.005273459777743251,0.048861999999999475,0.00025819825366201035
0.00509357188106236,0.04885999999999947,0.00018621279700956913
0.004817829068349902,0.04885799999999947,0.00014067829901681306
0.004546228272400801,0.04885599999999947,0.0002294901009791826
0.004288432764770205,0.04885399999999947,0.0002437572172777288
0.004211694580667824,0.048851999999999465,0.00021989873108658095
0.003814745091014504,0.04884999999999946,0.00022646682196587607
0.003693311148067905,0.04884799999999946,0.00015542242627616959
0.003277200586249916,0.04884599999999946,0.0003095101215138475
0.0031636822969533683,0.04884399999999946,0.00023508783526705225
0.002707311809763499,0.04884199999999945,0.00017963121537270988
0.0022700660957270585,0.048839999999999446,0.0001588204008606119
0.0020331148229369854,0.048837999999999444,0.00016334810699899263
0.0016011833890051273,0.04883599999999944,0.00021099816461974581
0.0011910992958377976,0.04883399999999944,0.00021553889084663258
0.0007795879432826161,0.04883199999999944,0.00019888236423357193
0.00036323981618066625,0.048829999999999436,0.00018474961011489378
1.403331306727172e-05,0.048827999999999434,0.00015316466838424456
-0.00031940386768579995,0.04882599999999943,0.00013715682871940214
-0.0006199537841675844,0.04882399999999943,0.00013844377578207338
-0.0008793082702981551,0.04882199999999943,0.00012605511490044243
-0.0011475625122808143,0.048819999999999426,0.00011884531810465228
-0.0013427541562663066,0.048817999999999424,0.00011646949911521139
-0.0015371523997236543,0.04881599999999942,9.407914609526763e-05
-0.0016934102855700088,0.04881399999999942,9.517623414639427e-05
-0.001693877265130843,0.04881199999999942,9.603400643153924e-05
-0.0018059638571316368,0.04880999999999941,0.00011633851153327862
-0.001914864817563737,0.04880799999999941,8.494447674571285e-05
-0.001831450754927522,0.048805999999999405,0.00011853734409227321
-0.0018627263452514618,0.0488039999999994,7.832864086899942e-05
-0.0018317471631288812,0.0488019999999994,8.767693632737573e-05
-0.0017696473736788833,0.0487999999999994,5.280877559352814e-05
-0.001616810218065626,0.0487979999999994,9.91357860476355e-05
-0.0015711422107760882,0.048795999999999395,8.549035470721069e-05
-0.0014542234712603677,0.04879399999999939,0.00010600296335566094
-0.0013365273177057227,0.04879199999999939,5.123230414284445e-05
-0.0012448398484797008,0.04878999999999939,6.517860817229453e-05
-0.001130151469206931,0.04878799999999939,7.824150861562965e-05
-0.0009920703536108507,0.048785999999999385,7.098315296603674e-05
-0.0008561222376756748,0.04878399999999938,5.708952141710853e-05
-0.0007535811778437773,0.04878199999999938,6.65307491849771e-05
-0.0006020096193264411,0.04877999999999937,8.29476669311413e-05
-0.0004759859962612064,0.04877799999999937,7.404660099749872e-05
-0.0003151841895007317,0.04877599999999937,8.10702281729914e-05
-0.00016427494610544822,0.048773999999999366,8.7283835344488e-05
1.906980385220377e-05,0.048771999999999364,8.076639583620295e-05
0.0001597041094741797,0.04876999999999936,7.626552073196809e-05
0.0003292039788845932,0.04876799999999936,7.626752612030647e-05
0.0004727028849837678,0.04876599999999936,6.307092061467192e-05
0.0005948267691108808,0.048763999999999356,5.74101028703235e-05
0.0007779246204215092,0.048761999999999354,5.623879756808261e-05
0.0008850509219757927,0.04875999999999935,8.4028685831915e-05
0.001002340750793258,0.04875799999999935,7.680930373731749e-05
0.0011337552446719751,0.04875599999999935,4.8746467023541995e-05
0.0011902186364952361,0.048753999999999346,5.659676566834108e-05
0.001205454456591408,0.048751999999999344,8.635087672916333e-05
0.0012826934684935685,0.04874999999999934,6.566804953756534e-05
0.0012462701591429855,0.048747999999999334,5.936739699067083e-05
0.0012944381908189654,0.04874599999999933,4.5554846077764034e-05
0.0012430863418765024,0.04874399999999933,8.323505841511647e-05
0.0012118388858165352,0.04874199999999933,7.169451343703063e-05
0.001090230916710487,0.048739999999999326,9.296158035644395e-05
0.0009959098026683256,0.048737999999999324,6.850668981384984e-05
0.0008835945301674873,0.04873599999999932,0.00011011430614534637
0.0007657153285447128,0.04873399999999932,7.120742060838816e-05
0.0006064798475073713,0.04873199999999932,7.466348508841026e-05
0.0004409600475867675,0.048729999999999316,7.152765772879342e-05
0.0003178298694297085,0.048727999999999314,6.394564239641144e-05
0.00019281879096393046,0.04872599999999931,5.900313961827956e-05
7.430638592797819e-05,0.04872399999999931,5.651734222548161e-05
-4.154531055235408e-05,0.04872199999999931,5.523235197057673e-05
-0.0001339222694577503,0.048719999999999306,4.4591406291569846e-05
-0.00022530723502451968,0.048717999999999304,3.6368549732961824e-05
-0.00031176672855766114,0.048715999999999295,3.301116711554671e-05
-0.00034579616876474284,0.04871399999999929,2.38413192722999e-05
-0.00038527691681473095,0.04871199999999929,2.5579466790196388e-05
-0.0004076613747811965,0.04870999999999929,2.197185615450613e-05
-0.00042725498684276225,0.04870799999999929,2.1322624213469156e-05
-0.00041205853349811404,0.048705999999999285,2.0318853975925542e-05
-0.00040184701862846746,0.04870399999999928,3.7771111371512484e-05
-0.00035313184962768116,0.04870199999999928,2.3074372387435496e-05
-0.0003025079834242517,0.04869999999999928,4.307369954103202e-05
-0.00025410846898286287,0.04869799999999928,3.2797879802453396e-05
-0.00018875627219864258,0.048695999999999275,4.340926895027104e-05
-0.00010813728377357401,0.04869399999999927,2.9108066713349593e-05
-3.875969232385913e-05,0.04869199999999927,3.3375236217777446e-05
2.870876864987693e-05,0.04868999999999927,2.905593741164804e-05
8.861311935286964e-05,0.04868799999999927,2.839276099141296e-05
0.00012560872678437623,0.04868599999999926,2.3202485782642684e-05
0.00016433570023035844,0.048683999999999256,2.3568066270072724e-05
0.0001903254854719703,0.048681999999999254,1.8517257289688038e-05
0.00021033781659557504,0.04867999999999925,1.6579139443108842e-05
0.0002219671791199843,0.04867799999999925,1.3899735746050275e-05
0.00022138528855898584,0.04867599999999925,1.149576392388275e-05
0.0001958206026962167,0.048673999999999246,1.5534231606942078e-05
0.00017019777206356388,0.048671999999999244,2.2491310954773397e-05
0.00013393819080266897,0.04866999999999924,2.490485777714799e-05
9.381052021979474e-05,0.04866799999999924,1.5997060190401287e-05
5.0057221842144764e-05,0.04866599999999924,2.456947309168333e-05
3.3017813328656502e-06,0.048663999999999236,2.3895297716678083e-05
-4.406794801735635e-05,0.048661999999999234,2.1902844252656626e-05
-9.482996753170079e-05,0.04865999999999923,2.1358809964630232e-05
-0.00014238581513058507,0.04865799999999923,1.9571914201268103e-05
-0.00018934261093387917,0.04865599999999923,3.3873220085935186e-05
-0.00023397735990734867,0.04865399999999922,2.6465657116481967e-05
-0.0002733329346598979,0.04865199999999922,2.1914404502362724e-05
-0.0003065193931732643,0.048649999999999215,1.6931464347784874e-05
-0.0003233178387075796,0.04864799999999921,1.7080822167776133e-05
-0.00033716663436012185,0.04864599999999921,1.2885471498290212e-05
-0.00034622038758079233,0.04864399999999921,3.204485079386856e-05
-0.0003593054857338303,0.04864199999999921,1.5287808303636007e-05
-0.00033095700504371886,0.048639999999999205,1.6446075757805107e-05
-0.0003215165812409293,0.0486379999999992,1.6489323540920398e-05
-0.00031637336590286953,0.0486359999999992,1.45059290988926e-05
-0.0002748322240348198,0.0486339999999992,1.1121308545647694e-05
-0.00025298565539152144,0.0486319999999992,1.3259674617021415e-05
-0.00021594823569155198,0.048629999999999195,2.422555656735833e-05
-0.00018825454646236996,0.04862799999999919,1.9005502862363412e-05
-0.00016001833727528848,0.04862599999999919,1.6407244667817562e-05
-0.00011749610999785394,0.04862399999999918,2.5454184759763607e-05
-7.886815919062525e-05,0.04862199999999918,1.5835012429447032e-05
-3.781251538019302e-05,0.04861999999999918,1.6897344749153617e-05
-3.0244906608492873e-06,0.048617999999999176,2.3739903994183486e-05
3.7299109785063374e-05,0.048615999999999174,2.0617809441533958e-05
8.066109669516352e-05,0.04861399999999917,1.9512807181296282e-05
0.00011166828866866039,0.04861199999999917,1.8564957440498273e-05
0.00015565374908084922,0.04860999999999917,1.8460248285209354e-05
0.00018297367285504573,0.048607999999999166,1.2202228688821894e-05
0.00020263095282257768,0.048605999999999164,1.747372978174075e-05
0.00021617151078167718,0.04860399999999916,1.471348783706698e-05
0.00023171679290579536,0.04860199999999916,1.3318758378284313e-05
0.00024185443572849447,0.04859999999999916,1.121797944103358e-05
0.0002529470643962782,0.048597999999999156,1.8962541728516e-05
0.0002510703886078096,0.048595999999999154,1.0040009826848818e-05
0.00025110161495092595,0.04859399999999915,1.2952906704262431e-05
0.00023352908579957137,0.04859199999999914,1.2823361904427286e-05
0.00021754492042114825,0.04858999999999914,1.5923894512548935e-05
0.00019961832358684367,0.04858799999999914,2.3347572363366014e-05
0.00017427213216732065,0.04858599999999914,1.7687241332819846e-05
0.00015109828895282316,0.048583999999999135,1.824314857895147e-05
0.0001105588836015383,0.04858199999999913,2.113066923639622e-05
8.655846257539222e-05,0.04857999999999913,1.97027456927554e-05
3.824754494318454e-05,0.04857799999999913,1.954977799962718e-05
-2.6273938844576628e-06,0.04857599999999913,3.25037313495682e-05
-3.935398080821983e-05,0.048573999999999125,2.265175054160047e-05
-0.00010450501417197854,0.04857199999999912,1.994278055336036e-05
-0.0001438545366775094,0.04856999999999912,2.2260429074584206e-05
-0.00017834149402436037,0.04856799999999912,2.631565447118732e-05
-0.0002238665087200024,0.04856599999999912,1.842616930157428e-05
-0.0002731023602805611,0.048563999999999115,2.77284924276004e-05
-0.000295624385052965,0.04856199999999911,1.8142715747639956e-05
-0.0003313839258609017,0.048559999999999104,2.6524002129977596e-05
-0.0003664059027607743,0.0485579999999991,2.6444062530184436e-05
-0.0003944616735617617,0.0485559999999991,1.5767760727933836e-05
-0.00040545710982288306,0.0485539999999991,1.9678677269105565e-05
-0.00043238480932910646,0.048551999999999096,3.0718061463754394e-05
-0.000432282402410538,0.048549999999999094,3.0074691571793386e-05
-0.0004343911344545754,0.04854799999999909,2.441067051629294e-05
-0.0004263707563116642,0.04854599999999909,2.8590218532879027e-05
-0.0004250121793428144,0.04854399999999909,1.3540121473833566e-05
-0.00041091155811355973,0.048541999999999086,3.05872048454212e-05
-0.0003948032604064918,0.048539999999999084,2.037037390556773e-05
-0.00035870612834629266,0.04853799999999908,2.6162282085760696e-05
-0.0003360907404621054,0.04853599999999908,2.1693327977927366e-05
-0.00030929593872255104,0.04853399999999908,2.838268862152243e-05
-0.00027961224784865826,0.048531999999999076,2.3532496362612705e-05
-0.00022872646818801836,0.04852999999999907,2.032784514615847e-05
-0.00019912625371887373,0.048527999999999065,2.5197706674644484e-05
-0.00015384013277107658,0.04852599999999906,1.6551985385901217e-05
-0.00011662608056975484,0.04852399999999906,1.673478204104637e-05
-8.665263021014257e-05,0.04852199999999906,2.1152099800591904e-05
-4.521317143137689e-05,0.04851999999999906,2.1182892641842785e-05
-1.3300710088135893e-05,0.048517999999999055,1.9602962955423093e-05
2.389649792416402e-05,0.04851599999999905,1.3082247022313248e-05
5.429610508383545e-05,0.04851399999999905,1.4793968430761231e-05
8.777579169188163e-05,0.04851199999999905,1.5051677974797316e-05
0.00010353951577438402,0.04850999999999905,1.4854359440523404e-05
0.00012036025074927869,0.048507999999999045,1.0108955626748563e-05
0.00012650224463923388,0.04850599999999904,9.259213324289056e-06
0.00013670517283989275,0.04850399999999904,1.0523011207285868e-05
0.0001440511565189097,0.04850199999999904,1.3407136020468317e-05
0.00013134907338653283,0.04849999999999904,1.0657309476938286e-05
0.00012650009033932135,0.04849799999999903,8.544816969932764e-06
0.0001197418618124361,0.048495999999999026,1.1697901161356385e-05
9.347829791544111e-05,0.048493999999999024,1.1745165153240147e-05
7.708630886661086e-05,0.04849199999999902,1.4374445377768945e-05
4.872454916046505e-05,0.04848999999999902,1.095810965942545e-05
2.9206817539547535e-05,0.04848799999999902,1.5614414463786252e-05
1.4910911410573929e-05,0.048485999999999016,1.0211566863361106e-05
-1.8226318700490255e-05,0.048483999999999014,1.2501501262164227e-05
-5.024187645479311e-05,0.04848199999999901,1.1526180913623002e-05
-6.295990274748109e-05,0.04847999999999901,1.6725566907954343e-05
-9.441326481941297e-05,0.04847799999999901,1.8530082549972138e-05
-0.00012404147643753122,0.048475999999999006,2.1474771594606162e-05
-0.00014783965096245075,0.048473999999999004,2.0898377897300077e-05
-0.00017437318142944774,0.048471999999999,2.5300182411486915e-05
-0.0002008969889269442,0.048469999999999,2.4248539247946327e-05
-0.00022488994597781058,0.048467999999999,1.2853967012127957e-05
-0.0002155989904721636,0.04846599999999899,2.115687122616258e-05
-0.0002283700928315265,0.04846399999999899,1.871508274867464e-05
-0.00025655744567315884,0.048461999999998985,1.148794635807715e-05
-0.00024754399702298725,0.04845999999999898,1.3449908810447673e-05
-0.0002487932979352739,0.04845799999999898,1.1080622191487421e-05
-0.00022905379444061055,0.04845599999999898,7.679516130627373e-06
-0.00023713584910471316,0.04845399999999898,1.3869765468634403e-05
-0.0002225752555581039,0.048451999999998975,1.4162506411044544e-05
-0.0001746317008603118,0.04844999999999897,1.5842274325098074e-05
-0.00017076124514714248,0.04844799999999897,2.977405915099942e-05
-0.0001435710918914998,0.04844599999999897,9.856695830949114e-06
-0.00010442590069204569,0.04844399999999897,1.5441142888871372e-05
-8.40111323431582e-05,0.048441999999998965,1.5279656339423468e-05
-5.056106715751408e-05,0.04843999999999896,2.039619612621453e-05
-1.1519331795668527e-05,0.04843799999999896,2.2531160567729687e-05
2.6144064047555026e-05,0.04843599999999895,2.3633221011225e-05
9.203542015077297e-05,0.04843399999999895,2.826473151090592e-05
0.00012854635550625234,0.04843199999999895,1.9567948191812285e-05
0.00017968412270323057,0.048429999999998946,3.5258801241173805e-05
0.000206939905553874,0.048427999999998944,1.8226951100095916e-05
0.0002453708244520763,0.04842599999999894,3.2979166426859006e-05
0.00028842447661013527,0.04842399999999894,2.469062539267177e-05
0.0003203736525817916,0.04842199999999894,3.6015270266521456e-05
0.00035105423411022703,0.048419999999998936,3.0032196701031477e-05
0.0003709188041166552,0.048417999999998934,1.7134290153921437e-05
0.0004021257896179363,0.04841599999999893,2.6560441802411807e-05
0.00039896145506786596,0.04841399999999893,2.7377709794378667e-05
0.00041260917441456995,0.04841199999999893,3.323147390780029e-05
0.00039023079565186154,0.048409999999998926,2.834949556803102e-05
0.0003943583315671226,0.048407999999998924,1.721960640783733e-05
0.00037218502426724384,0.04840599999999892,2.1552072636095933e-05
0.00036154108270600806,0.04840399999999891,2.3172601790675368e-05
0.00034012853054317914,0.04840199999999891,1.806942863202295e-05
0.00030076967613285293,0.04839999999999891,2.0201291326085893e-05
0.00025674566825095973,0.04839799999999891,2.564105484696682e-05
0.000211540479445397,0.048395999999998905,3.656648618351642e-05
0.00014947631491233574,0.0483939999999989,2.9734699318310562e-05
9.049337814065222e-05,0.0483919999999989,3.51229709214534e-05
2.874927383829279e-05,0.0483899999999989,3.1125378318176365e-05
-3.654903268574643e-05,0.0483879999999989,3.248525479329032e-05
-9.850388390814014e-05,0.048385999999998895,3.243416682188591e-05
-0.00015312951620322573,0.04838399999999889,3.559703542830147e-05
-0.00023140597936655455,0.04838199999999889,2.8157944807271507e-05
-0.0002843343915510569,0.04837999999999889,3.359692720470585e-05
-0.0003504895753131442,0.04837799999999889,3.824463230658599e-05
-0.00040422002522772345,0.048375999999998885,3.319195627116526e-05
-0.0004585333704361475,0.048373999999998876,2.9089936244547115e-05
-0.0005024137078962358,0.048371999999998874,3.4542320638765304e-05
-0.0005442041891603809,0.04836999999999887,2.405658631785332e-05
-0.0005714527687613822,0.04836799999999887,2.9913032056352262e-05
-0.0005955132092756564,0.04836599999999887,2.7057895633392065e-05
-0.0005718344269291922,0.048363999999998866,3.331678793270495e-05
-0.0005882596543601436,0.048361999999998864,2.145866347110322e-05
-0.0005873784485813057,0.04835999999999886,2.2758237762533804e-05
-0.000550481480591427,0.04835799999999886,1.2295964300893456e-05
-0.0005144355701240619,0.04835599999999886,2.495591307463976e-05
-0.00048476203855461134,0.048353999999998856,2.3318343333056415e-05
-0.0004297776564535482,0.048351999999998854,2.308176466144226e-05
-0.00038430564392820474,0.04834999999999885,2.2129470460814163e-05
-0.0003203789941677551,0.04834799999999885,2.3020759384166277e-05
-0.00027591108803383814,0.04834599999999885,2.3807237458561323e-05
-0.00021842885686585039,0.048343999999998846,3.2117274387424936e-05
-0.00016923732885244178,0.04834199999999884,2.6354961457575886e-05
-0.00011458513727818426,0.048339999999998835,3.313160001932221e-05
-4.572758189120903e-05,0.04833799999999883,3.2133530349335316e-05
1.5873802864291907e-05,0.04833599999999883,3.069410026969766e-05
6.819340690391726e-05,0.04833399999999883,2.6925877451069723e-05
0.00011485540049304102,0.04833199999999883,2.123407330171305e-05
0.00016092025205479107,0.048329999999998825,1.9572224183467348e-05
0.00018869104517775585,0.04832799999999882,2.0586119994220044e-05
0.00021514304864029199,0.04832599999999882,1.2513039065461129e-05
0.00024261309613889763,0.04832399999999882,2.2853818030604914e-05
0.00024658868980053695,0.04832199999999882,1.1345285190407628e-05
0.00025953996528595385,0.048319999999998815,2.1624467875073782e-05
0.00025319238242974755,0.04831799999999881,1.0764182014401576e-05
0.0002450034635803379,0.04831599999999881,1.2508143679130028e-05
0.00024474515240019705,0.04831399999999881,1.324030495996231e-05
0.00021806322234808445,0.04831199999999881,1.0100046745839433e-05
0.00020467751670619392,0.0483099999999988,1.260356542951624e-05
0.00018283777892609253,0.048307999999998796,1.1773231701988625e-05
0.00016007729334759622,0.048305999999998794,2.042092877468614e-05
0.00014358676467842262,0.04830399999999879,8.589199538060385e-06
0.00011459832107450082,0.04830199999999879,2.1072258623038123e-05
8.709554359023635e-05,0.04829999999999879,2.0763134420080604e-05
6.369130193766797e-05,0.048297999999998786,1.4991748257319823e-05
2.945530292441678e-05,0.048295999999998784,1.5983824549387877e-05
3.075050633258908e-05,0.04829399999999878,1.2050440865746467e-05
5.126643471763326e-06,0.04829199999999878,1.3970261768619833e-05
-8.01427350956404e-06,0.04828999999999878,1.2920121667965855e-05
-2.9862481124584783e-05,0.048287999999998776,1.8467805322190344e-05
