-0.00315764021860545,0.056369999999999996,0.014139686691547495
0.0036621512696401928,0.056367999999999994,0.005511843732016217
7.520842531341209e-06,0.05636599999999999,1.0453095920662045e-05
4.088452745431164e-06,0.05636399999999999,6.238429268692388e-06
4.621323373045552e-06,0.05636199999999999,2.2406506051188725e-06
1.4787780278224593e-07,0.056359999999999986,3.915884739964574e-06
-4.144703803940934e-07,0.056357999999999984,4.651678299264788e-06
-2.5596998400068996e-06,0.05635599999999998,3.1938243503744354e-06
-4.073097973395993e-06,0.05635399999999998,4.582986189752985e-06
-6.1784086604040174e-06,0.05635199999999998,3.96477724575534e-06
-8.548444405639943e-06,0.05634999999999997,2.581176741855579e-06
-1.56659920512324e-05,0.05634799999999997,3.927860677679537e-06
-1.4480958755988497e-05,0.056345999999999966,2.135409465566796e-06
-1.6908888311771527e-05,0.056343999999999964,3.335284831839023e-06
-2.2910944054451183e-05,0.05634199999999996,3.916335479428836e-06
-2.5427965964962612e-05,0.05633999999999996,2.9660448959418566e-06
-2.6745683439534748e-05,0.05633799999999996,3.3666865250456665e-06
-3.2679325945846685e-05,0.056335999999999956,5.527633133685268e-06
-3.3794152216218215e-05,0.056333999999999954,4.789853697526499e-06
-3.6757141580061836e-05,0.05633199999999995,5.683230221862702e-06
-3.520390824613277e-05,0.05632999999999995,5.977337185326497e-06
-3.925153652861056e-05,0.05632799999999995,4.800700695627045e-06
-3.289390073519568e-05,0.056325999999999946,4.508073067645248e-06
-3.1574527871911885e-05,0.056323999999999944,4.284713375686364e-06
-3.325576370942351e-05,0.05632199999999994,3.7997440248415444e-06
-3.084994375552323e-05,0.05631999999999994,4.43671882387245e-06
-2.935727020848797e-05,0.05631799999999993,2.507173673333479e-06
-2.817432623682142e-05,0.05631599999999993,3.909060466553245e-06
-2.5188638621503095e-05,0.05631399999999993,3.03601208725103e-06
-2.172149713912887e-05,0.056311999999999925,3.0482263914435564e-06
-2.1996728891140686e-05,0.05630999999999992,2.6395971582956375e-06
-1.7054158979538226e-05,0.05630799999999992,2.6979168368634105e-06
-1.5630633368793808e-05,0.05630599999999992,2.9279513501179062e-06
-9.672526868449009e-06,0.05630399999999992,4.939451233266533e-06
-3.85742783694547e-06,0.056301999999999915,3.4690621385649236e-06
-3.740168738417713e-06,0.05629999999999991,3.113580572339461e-06
-2.9100930487183e-06,0.05629799999999991,3.0221696711355255e-06
-1.8199258347571764e-07,0.05629599999999991,2.7082280794964236e-06
5.1275721133785795e-06,0.05629399999999991,5.039364831962533e-06
1.5849945966068048e-06,0.056291999999999905,2.4767897421102337e-06
1.3270344128884773e-05,0.0562899999999999,7.273827853592217e-06
7.854032322598687e-06,0.0562879999999999,4.727020556815433e-06
9.984637901351222e-06,0.05628599999999989,6.048987475619204e-06
1.0110526297356939e-05,0.05628399999999989,4.979458546068337e-06
2.357619388997063e-05,0.05628199999999989,4.409735617778445e-06
1.1365165019165684e-05,0.056279999999999886,2.2668767293115536e-06
1.5373274369499874e-05,0.056277999999999884,5.93133593497866e-06
1.0020802940033873e-05,0.05627599999999988,3.679291153319953e-06
1.2983439775897935e-05,0.05627399999999988,5.212743004880642e-06
1.4020246363713678e-05,0.05627199999999988,4.5505943062096944e-06
9.291717177065601e-06,0.056269999999999876,3.543473919177614e-06
6.8202863425224384e-06,0.056267999999999874,4.971890239394883e-06
4.322517036223259e-06,0.05626599999999987,3.1366545068020283e-06
5.4434812151966935e-06,0.05626399999999987,4.381434264131995e-06
5.847180754951922e-06,0.05626199999999987,5.181744454265702e-06
1.979999627842043e-06,0.056259999999999866,5.049858992468036e-06
3.8911168890445875e-06,0.056257999999999864,3.4105748778695655e-06
-3.3034399156968566e-06,0.056255999999999855,2.567177821277825e-06
-2.1608672968655236e-06,0.05625399999999985,4.31499596972581e-06
-4.9880164634962525e-06,0.05625199999999985,3.6086187217632306e-06
-4.457564153089614e-06,0.05624999999999985,5.000072348843419e-06
-1.9972747448707268e-06,0.05624799999999985,3.7301471221266667e-06
-1.1021926234657086e-05,0.056245999999999845,3.861992428561288e-06
-8.614596784281532e-06,0.05624399999999984,3.7859592309332405e-06
-1.0580539399720031e-05,0.05624199999999984,4.156382723222252e-06
-1.016446361391808e-05,0.05623999999999984,4.297631202393643e-06
-1.4960018451583806e-05,0.05623799999999984,2.443616371002305e-06
-1.3974955760819299e-05,0.056235999999999835,3.567972762511643e-06
-1.507530379045577e-05,0.05623399999999983,2.84059176396718e-06
-1.6536002891804196e-05,0.05623199999999983,3.709821212598609e-06
-1.463430116240539e-05,0.05622999999999983,2.851451606803399e-06
-1.4497584584688078e-05,0.05622799999999983,2.19504482347446e-06
-1.6791407726352886e-05,0.056225999999999825,4.509277401960728e-06
-1.9559496958836438e-05,0.056223999999999816,4.4313207242806885e-06
-1.4240150674000204e-05,0.056221999999999814,4.5428502644807346e-06
-1.9628658775665816e-05,0.05621999999999981,3.5185849592043067e-06
-1.6593837797029104e-05,0.05621799999999981,2.9859200981565985e-06
-1.4950357876131278e-05,0.05621599999999981,3.3209616469468363e-06
-1.3856369760126605e-05,0.056213999999999806,3.7939907975243214e-06
-1.4496141025580385e-05,0.056211999999999804,3.5904084111218072e-06
-1.17702296854473e-05,0.0562099999999998,2.2095734720959624e-06
-1.2642412591030692e-05,0.0562079999999998,2.4467514928146414e-06
-1.0768997404159526e-05,0.0562059999999998,3.2415496990337125e-06
-9.264398431854608e-06,0.056203999999999796,2.1529801180030066e-06
-8.548310812341793e-06,0.056201999999999794,4.530250545803476e-06
-6.0990571728359765e-06,0.05619999999999979,3.495220317463302e-06
-4.973858400364914e-06,0.05619799999999979,2.170768202286642e-06
-2.2721706383670313e-06,0.05619599999999979,3.349360490945498e-06
-9.29458823172512e-07,0.056193999999999786,3.9820050783717544e-06
-1.327107713859674e-06,0.05619199999999978,3.782421088411686e-06
-5.527483901976186e-07,0.056189999999999775,4.26589534799491e-06
2.3001590901871024e-06,0.05618799999999977,4.546793977209558e-06
7.901135350390177e-06,0.05618599999999977,3.7977019053806114e-06
4.160954429831859e-06,0.05618399999999977,4.60294150027836e-06
1.1719297324309352e-05,0.05618199999999977,3.6865216756789483e-06
1.5838157765647575e-05,0.056179999999999765,4.076162429185537e-06
5.553521130594609e-06,0.05617799999999976,5.02793605152246e-06
8.088771579858688e-06,0.05617599999999976,4.308615760597347e-06
1.3179115616120624e-05,0.05617399999999976,3.998785521456537e-06
1.445079219381342e-05,0.05617199999999976,4.381496608477562e-06
1.4414936464986095e-05,0.056169999999999755,7.752570912408567e-06
1.1645802163159032e-05,0.05616799999999975,7.205811835226838e-06
7.084470510299478e-06,0.05616599999999975,5.328019431068408e-06
6.3024175968866e-06,0.05616399999999975,5.161610401009401e-06
5.843998845263422e-06,0.05616199999999974,3.3406453407842835e-06
2.870106199617629e-06,0.05615999999999974,3.871555734533037e-06
7.377800377868072e-06,0.056157999999999736,5.5457287709012465e-06
2.0445309293144118e-06,0.056155999999999734,4.976066941241839e-06
6.531342010656412e-07,0.05615399999999973,4.912556893195714e-06
7.917428638696047e-06,0.05615199999999973,4.971148290215778e-06
9.641284775251186e-06,0.05614999999999973,5.512282215628571e-06
-1.2079383637407511e-06,0.056147999999999726,3.893504881438598e-06
-2.134647442798463e-08,0.056145999999999724,4.2308645719287224e-06
-4.129724061280673e-06,0.05614399999999972,2.269728051937103e-06
8.600058193025482e-06,0.05614199999999972,5.374904742435897e-06
4.3054001851824483e-07,0.05613999999999972,2.2675350996779726e-06
-1.240193721741866e-06,0.056137999999999716,3.5634424266502215e-06
3.5722262285314722e-06,0.056135999999999714,5.783158752982681e-06
9.318796593302172e-06,0.05613399999999971,5.785140935875957e-06
6.252315045248257e-06,0.05613199999999971,5.771273618014052e-06
5.375220293805469e-06,0.0561299999999997,5.4814474131337496e-06
4.213858802821259e-06,0.0561279999999997,6.904959341352079e-06
5.221945089878242e-06,0.0561259999999997,4.567820769191527e-06
1.0575674789534359e-05,0.056123999999999695,6.311658054686457e-06
1.139190351250686e-05,0.05612199999999969,4.227676735504483e-06
1.4139540093602679e-05,0.05611999999999969,6.724916743144794e-06
1.1967327006342685e-05,0.05611799999999969,2.2502013413061e-06
1.7088161447926313e-05,0.05611599999999969,4.816762323840103e-06
1.8788496501059352e-05,0.056113999999999685,7.010273110160344e-06
1.7261121485887495e-05,0.05611199999999968,4.032781799153827e-06
2.13148086983458e-05,0.05610999999999968,4.717972572307403e-06
2.3531431636942564e-05,0.05610799999999968,7.237538771730366e-06
2.255881553643385e-05,0.05610599999999968,6.244761085068016e-06
3.227297838977288e-05,0.056103999999999675,6.9515257660328445e-06
2.6518153835286848e-05,0.05610199999999967,6.0013955705119625e-06
3.0000696740495052e-05,0.056099999999999664,5.583214748328817e-06
2.6105576276368627e-05,0.05609799999999966,4.7625566798115414e-06
2.60603483876081e-05,0.05609599999999966,3.5801678640830884e-06
3.068721843374763e-05,0.05609399999999966,2.780272647531874e-06
3.205754931738991e-05,0.056091999999999656,9.24023433375028e-06
3.681656818837983e-05,0.056089999999999654,8.766360611139174e-06
2.4812064319835488e-05,0.05608799999999965,3.4264045309880415e-06
3.666682754540752e-05,0.05608599999999965,3.4781258287721077e-06
2.4509547117245347e-05,0.05608399999999965,2.4484752247175303e-06
3.86514194683264e-05,0.056081999999999646,9.30376224411895e-06
3.562825294690216e-05,0.056079999999999644,8.515922213456561e-06
2.391586167999486e-05,0.05607799999999964,2.394922189786259e-06
2.664185438064859e-05,0.05607599999999964,8.32765531291377e-06
2.3346640240126682e-05,0.05607399999999964,5.90376923544599e-06
2.8156474258164796e-05,0.056071999999999636,4.686596879915399e-06
3.3575415898076926e-05,0.056069999999999634,6.108756718410372e-06
2.4806546448853163e-05,0.056067999999999625,4.936820414921362e-06
2.8802780507830743e-05,0.05606599999999962,1.1254491932878707e-05
2.8546206894008897e-05,0.05606399999999962,4.818345831828925e-06
3.988441729971051e-05,0.05606199999999962,5.259854457088491e-06
2.7026357469196003e-05,0.05605999999999962,4.392109775562694e-06
2.144040671518187e-05,0.056057999999999615,4.929424515211839e-06
3.2486264793313294e-05,0.05605599999999961,9.147140593855706e-06
3.704629619191521e-05,0.05605399999999961,8.186051863296734e-06
3.404200020517742e-05,0.05605199999999961,7.2879236963085586e-06
2.4826473642270477e-05,0.05604999999999961,6.238698886697713e-06
2.8140202273053675e-05,0.056047999999999605,5.553232972641497e-06
2.0959291918571486e-05,0.0560459999999996,4.23226558715473e-06
2.5371096934699462e-05,0.0560439999999996,3.338729826897979e-06
2.1473967291103026e-05,0.0560419999999996,4.838877396793598e-06
2.6774138780934872e-05,0.0560399999999996,6.917417296836942e-06
2.3181580916304813e-05,0.056037999999999595,4.199110689793413e-06
1.8058861760049414e-05,0.056035999999999586,3.2267435631455106e-06
2.7384098149425254e-05,0.056033999999999584,9.838980802519784e-06
1.8897667731781026e-05,0.05603199999999958,4.710946106004951e-06
2.1429946192796278e-05,0.05602999999999958,5.679167406212872e-06
1.3471295374807845e-05,0.05602799999999958,3.3426387787950622e-06
1.3342201441726144e-05,0.056025999999999576,5.466700196304765e-06
7.4008687285064035e-06,0.056023999999999574,4.4393645531716706e-06
4.870247610256497e-06,0.05602199999999957,6.84568370705778e-06
-2.010508398749839e-06,0.05601999999999957,5.673211829062562e-06
-6.761413683226175e-06,0.05601799999999957,2.9690945589860654e-06
-1.3663148410884601e-05,0.056015999999999566,2.5012852286565347e-06
-2.0108925256215674e-05,0.056013999999999564,4.1918592875055184e-06
-2.908938740467658e-05,0.05601199999999956,5.490115793831309e-06
-3.154810147643902e-05,0.05600999999999956,3.277547905831871e-06
-3.8650499086751206e-05,0.05600799999999956,4.610602931084672e-06
-4.317369913268221e-05,0.05600599999999955,4.731796358206235e-06
-5.8615542422830305e-05,0.05600399999999955,4.222446666444995e-06
-6.072742469052759e-05,0.056001999999999545,7.450890453005508e-06
-6.67312913970063e-05,0.05599999999999954,6.442887408070854e-06
-7.504660973831205e-05,0.05599799999999954,6.61257784482735e-06
-8.051995449558609e-05,0.05599599999999954,4.394871349400498e-06
-7.8781460552136e-05,0.05599399999999954,5.949439973300818e-06
-8.266568923977209e-05,0.055991999999999535,7.626581027640544e-06
-9.013229868426635e-05,0.05598999999999953,1.2486702625159345e-05
-8.545091736593828e-05,0.05598799999999953,9.844361912905185e-06
-9.418792877896925e-05,0.05598599999999953,1.5766153855770176e-05
-9.349914574683705e-05,0.05598399999999953,1.2043374516455408e-05
-0.00010561133672670429,0.055981999999999525,1.0087670388844699e-05
-0.00010427934751093181,0.05597999999999952,1.5209927341295538e-05
-0.00010613039222260051,0.05597799999999952,1.1686283927753558e-05
-9.992184684070634e-05,0.05597599999999952,1.3301033533799322e-05
-9.090108688578523e-05,0.05597399999999951,6.895252611249116e-06
-9.773455648387517e-05,0.05597199999999951,1.1475677389862496e-05
-0.00010529819537835096,0.055969999999999506,1.399977041126762e-05
-0.00011318493685222815,0.055967999999999504,1.1985010311354932e-05
-9.907455020346166e-05,0.0559659999999995,1.3446178706910072e-05
-8.115325746263272e-05,0.0559639999999995,3.419635722015698e-06
-9.789375719864704e-05,0.0559619999999995,1.4068549848267062e-05
-0.00011638431006982728,0.055959999999999496,5.473495722147489e-06
-9.142931581764307e-05,0.055957999999999494,5.374116223931292e-06
-9.833491072206726e-05,0.05595599999999949,1.5220965145724387e-05
-9.397301510942527e-05,0.05595399999999949,1.3873885710103836e-05
-0.00010055509085309355,0.05595199999999949,1.4845097144457984e-05
-7.674836185692935e-05,0.055949999999999486,3.255155432048773e-06
-7.835583344679062e-05,0.055947999999999484,6.668623570370147e-06
-9.734389449706421e-05,0.05594599999999948,6.876228225602885e-06
-8.237792289242837e-05,0.05594399999999948,1.210331085233393e-05
-7.140181005013445e-05,0.05594199999999947,8.402649352158009e-06
-5.600443101426618e-05,0.05593999999999947,3.7234699562099815e-06
-5.81403800714213e-05,0.05593799999999947,7.472696984158886e-06
-4.795170295524895e-05,0.055935999999999465,6.4643413518945785e-06
-4.0770646100848805e-05,0.05593399999999946,7.154397936670219e-06
-3.195997373901458e-05,0.05593199999999946,3.269643334635325e-06
-2.504264304054337e-05,0.05592999999999946,4.019304215373172e-06
-1.542047473458501e-05,0.05592799999999946,3.4668917376390535e-06
-7.763792900344091e-06,0.055925999999999455,4.092538850586855e-06
6.626334305334568e-06,0.05592399999999945,3.650290776197654e-06
1.2325064469489619e-05,0.05592199999999945,4.058183556043585e-06
2.708960875342231e-05,0.05591999999999945,3.94471625427159e-06
3.380882903533362e-05,0.05591799999999945,4.874591415228242e-06
4.362155679865342e-05,0.055915999999999445,7.7344835908375e-06
4.147112079582679e-05,0.05591399999999944,5.283122539102305e-06
6.715910059210631e-05,0.055911999999999434,1.821604496474956e-05
7.301581507774283e-05,0.05590999999999943,1.3459884610015276e-05
8.954525983034485e-05,0.05590799999999943,1.4428288785283401e-05
8.669924296355573e-05,0.05590599999999943,9.472352391876889e-06
9.624659799408543e-05,0.055903999999999426,1.0364172017147862e-05
0.0001324930154769371,0.055901999999999424,1.093106738959737e-05
0.0001195523378597121,0.05589999999999942,1.700556404403501e-05
0.00010468440609834126,0.05589799999999942,1.0266805205697169e-05
0.00010834549400017756,0.05589599999999942,1.7466017711754777e-05
0.00013802893839654496,0.055893999999999416,2.2897280642761296e-05
0.0001383912498205906,0.055891999999999414,1.7673549606640806e-05
0.0001456406213031011,0.05588999999999941,1.8943015902585856e-05
0.0001411322954800792,0.05588799999999941,2.1147843674845042e-05
0.00019716789109511018,0.05588599999999941,2.1162741735148052e-05
0.0001620297163009184,0.055883999999999406,1.58208920122507e-05
0.00020001743308087634,0.055881999999999404,2.3831873137693524e-05
0.00018027376505127157,0.055879999999999395,7.74206033987907e-06
0.00021542857611984948,0.05587799999999939,1.8699416312737554e-05
0.00025844174064579967,0.05587599999999939,4.501904455645863e-05
0.0002977116421885346,0.05587399999999939,3.688743374630999e-05
0.00035588892454772625,0.05587199999999939,8.054636511199624e-06
0.00028645621563960544,0.055869999999999385,2.03302908365273e-05
0.0003243740417573312,0.05586799999999938,2.6419017760481534e-05
0.00032134453259016565,0.05586599999999938,3.5128524625314104e-05
0.0004105333232302739,0.05586399999999938,2.3312127575825277e-05
0.0004120306448592618,0.05586199999999938,3.20921759830408e-05
0.0005302006149866166,0.055859999999999375,1.0017999868629123e-05
0.0005028943268263372,0.05585799999999937,5.9786263726174694e-05
0.0004902871509976503,0.05585599999999937,2.624221070982006e-05
0.0006030209388394475,0.05585399999999937,2.9348225260240613e-05
0.0006177645973321856,0.05585199999999937,4.65414664066043e-05
0.0007172197073730431,0.05584999999999936,4.571396314595977e-05
0.000783047273918016,0.055847999999999356,0.0001243279584390252
0.000746283633119882,0.055845999999999354,8.077785485923158e-05
0.00084066791228007,0.05584399999999935,7.251425584949807e-05
0.001151650620421518,0.05584199999999935,0.00011685909162538541
0.0009102350165559965,0.05583999999999935,6.299479594207902e-05
0.0010217647296172768,0.055837999999999346,0.00015754072327964927
0.0010834082337462152,0.055835999999999344,9.01368459935476e-05
0.0010668769108562305,0.05583399999999934,3.357775425431484e-05
0.0012167930223945002,0.05583199999999934,3.7028829607924795e-05
0.0012485016746009673,0.05582999999999934,6.778442541754826e-05
0.001244753189530087,0.055827999999999336,7.329370719769924e-05
0.0013787115087631184,0.055825999999999334,0.00016161937949578638
0.0014716692145486754,0.05582399999999933,0.00014761655750793832
0.0015977414464830384,0.05582199999999933,0.00021305773180785794
0.0014790510622580606,0.05581999999999933,6.667113110083007e-05
0.0016742281050057687,0.05581799999999932,0.00016300214134017056
0.0017458510357165058,0.05581599999999932,0.00015427995847774387
0.0019151197264425726,0.055813999999999316,0.00010782523763597583
0.0018613420471851828,0.055811999999999314,0.000143717964563181
0.002101965521516136,0.05580999999999931,0.00011838048664740965
0.0026501594792364947,0.05580799999999931,0.0003772076346201536
0.00219505602800853,0.05580599999999931,0.0001879424974205724
0.002369923908130315,0.055803999999999306,0.0004128973373692621
0.0028295572015850498,0.055801999999999304,0.00047089389098798533
0.0028512155270923427,0.0557999999999993,0.00032699377295108864
0.0030871421422048943,0.0557979999999993,0.00017014118956792368
0.0034589842740887795,0.0557959999999993,0.00023773832988575362
0.0031266375216499054,0.055793999999999296,0.0002604216836724294
0.004015965672512047,0.055791999999999294,0.0006994097840865024
0.004234037206644075,0.05578999999999929,0.00040396660955663457
0.0038881217651662832,0.05578799999999929,0.00013358257986497015
0.004703246810633622,0.05578599999999928,0.0003561088751361627
0.007002556064307975,0.05578399999999928,0.00028982689903200506
0.005261903892312148,0.05578199999999928,0.0006641376027252424
0.006902658398749627,0.055779999999999275,0.001004680969184149
0.007856160860863274,0.05577799999999927,0.0011954442452228925
0.0071052570753377346,0.05577599999999927,0.0005279766533535528
0.011180992011935497,0.05577399999999927,0.0005740103758677249
0.008974492743342418,0.05577199999999927,0.0006432383233780195
0.009866084195757047,0.055769999999999265,0.0010791029304488165
0.01047704752995998,0.05576799999999926,0.00039781934920596725
0.012486434974357846,0.05576599999999926,0.0011392460126353988
0.012764822217522087,0.05576399999999926,0.0003559492787631393
0.015659547622917474,0.05576199999999926,0.0011338000365713847
0.016783320357800183,0.055759999999999255,0.002618359562112821
0.01834064552687417,0.05575799999999925,0.0016979454859336505
0.02232874511795544,0.055755999999999244,0.002961381057694714
0.020822233866230184,0.05575399999999924,0.000700336688529531
0.025104051564592934,0.05575199999999924,0.0020635601747485857
0.028006000145239667,0.05574999999999924,0.0020722551642704014
0.028864310240914414,0.055747999999999236,0.003193269991768825
0.03128152281537165,0.055745999999999234,0.0027242661438868195
0.03266476921210757,0.05574399999999923,0.001995668034348192
0.03288436117501658,0.05574199999999923,0.0015736872956740987
0.036600254431764935,0.05573999999999923,0.0016699955277479181
0.04056101864402793,0.055737999999999226,0.0021782023260070896
0.046345819490552886,0.055735999999999224,0.00265197360626581
0.04143010171794613,0.05573399999999922,0.002762012554486585
0.039365089718541364,0.05573199999999922,0.002032352149432441
0.04217532759806706,0.05572999999999922,0.001975929397475238
0.04342003667883663,0.055727999999999216,0.00247713071207395
0.03674871671357394,0.055725999999999214,0.00034775886193999994
0.039801021228010706,0.055723999999999205,0.0023654002968078306
0.03295113463090721,0.0557219999999992,0.001087564762727615
0.03205535906906268,0.0557199999999992,0.0022431435990346686
0.02938265556746193,0.0557179999999992,0.0025536582014881776
0.02741618789567616,0.0557159999999992,0.0013196876291750996
0.015259394041120687,0.055713999999999195,0.0009918784395458837
0.0106244733560043,0.05571199999999919,0.001057691837604188
0.003938313760241038,0.05570999999999919,0.000534537836408435
-0.004521439595167501,0.05570799999999919,0.0007952420091000439
-0.014654474007592847,0.05570599999999919,0.000874342699511403
-0.024346297320377318,0.055703999999999185,0.000712650851562322
-0.043820513415793766,0.05570199999999918,0.001229617455228077
-0.05753303893189637,0.05569999999999918,0.0007666716648829716
-0.07204846110475366,0.05569799999999918,0.0012635279620269774
-0.08491879110747307,0.05569599999999918,0.0012088278344552187
-0.1018499116367438,0.055693999999999175,0.001257719311091592
-0.11471137922303694,0.055691999999999166,0.0012257344522038415
-0.13094227666282726,0.055689999999999164,0.0013897257931153664
-0.14759348117891788,0.05568799999999916,0.0011532546962096507
-0.16392900340066865,0.05568599999999916,0.001588450307955262
-0.17877069971568174,0.05568399999999916,0.001402786776063265
-0.1923046284760383,0.055681999999999156,0.0011818605273333184
-0.20337552442689175,0.055679999999999154,0.0016395631001137844
-0.2122409628738856,0.05567799999999915,0.0008061633975217122
-0.21684821901376483,0.05567599999999915,0.0010763436112902866
-0.22226480238075336,0.05567399999999915,0.0009228699875013006
-0.22589692510473053,0.055671999999999146,0.0005895001553891733
-0.22278460768760544,0.055669999999999144,0.001943822155063405
-0.21902933451461745,0.05566799999999914,0.00131987000504732
-0.2130816029053814,0.05566599999999914,0.0007354771753786403
-0.20176012504822063,0.05566399999999914,0.001594401611702885
-0.18769926091611958,0.05566199999999913,0.0014641263244157497
-0.1705225170566871,0.05565999999999913,0.0014112430031125263
-0.14803991046278112,0.055657999999999125,0.002719728738187473
-0.12543948036542132,0.05565599999999912,0.0022637850684753508
-0.10393344824906393,0.05565399999999912,0.0018637122345760977
-0.07805547219557583,0.05565199999999912,0.0018877116967472097
-0.049023610277714146,0.05564999999999912,0.00226330217518435
-0.018949602572477697,0.055647999999999115,0.001786100096675451
0.01002785822617004,0.05564599999999911,0.0020722591001521517
0.047327586624442856,0.05564399999999911,0.0024716175305747935
0.08509719368016957,0.05564199999999911,0.0034348210412933583
0.1156972660912334,0.05563999999999911,0.0030366240800916997
0.14455971044901866,0.055637999999999105,0.0019808700320972966
0.1702898295802799,0.0556359999999991,0.0016855164280523843
0.1942768457057125,0.0556339999999991,0.002121663356893912
0.21112908448922035,0.0556319999999991,0.0011325328463232436
0.23124989676521215,0.05562999999999909,0.0019347548822046658
0.24625951574353497,0.05562799999999909,0.002207579058423477
0.25729685175460404,0.055625999999999086,0.0012140313556821194
0.2659288201815744,0.055623999999999084,0.0010573224499242201
0.2686009358448898,0.05562199999999908,0.001253790162139372
0.26696801850391944,0.05561999999999908,0.0008910168340019889
0.2593987521647668,0.05561799999999908,0.0005401050596957968
0.25036773829474074,0.055615999999999076,0.0008613346835643284
0.24108775037416513,0.055613999999999074,0.0011312840051861785
0.2274437631021066,0.05561199999999907,0.002209558296908183
0.2075573697371878,0.05560999999999907,0.0022737770387051873
0.18587308173671724,0.05560799999999907,0.0016906410705416622
0.1626415253814591,0.055605999999999066,0.002630246443089321
0.1368737539784458,0.055603999999999064,0.002293025633972114
0.11161352126327653,0.05560199999999906,0.0028319898550436947
0.08362843391943418,0.05559999999999905,0.002232113326353877
0.060842759511483956,0.05559799999999905,0.003360963469543411
0.03747040703318071,0.05559599999999905,0.001370623217188511
0.013437399754700144,0.05559399999999905,0.0014716600108876157
-0.00669161725031933,0.055591999999999045,0.0015950559741788476
-0.025401734436503474,0.05558999999999904,0.002391182276371247
-0.04124638822295397,0.05558799999999904,0.002226628795039926
-0.059304412188746644,0.05558599999999904,0.0020753774114712974
-0.06939146748061133,0.05558399999999904,0.0013858094802856455
-0.08233538705614711,0.055581999999999035,0.0019747018186749457
-0.09327611254527642,0.05557999999999903,0.0009931847291908648
-0.09902905974713941,0.05557799999999903,0.0008834286451544176
-0.10136330981428207,0.05557599999999903,0.00090865216990495
-0.1025095394918761,0.05557399999999903,0.0011291241228937763
-0.10339011151851007,0.055571999999999025,0.0005969729582688861
-0.10130122312088528,0.05556999999999902,0.0004210783403651018
-0.09433723640448465,0.055567999999999014,0.0013195823414621445
-0.09075441692587688,0.05556599999999901,0.0010790790690494764
-0.08509535951544812,0.05556399999999901,0.0005823198746527636
-0.07746032307668414,0.05556199999999901,0.0006500923323555781
-0.06828161034344037,0.055559999999999006,0.0017391364031878137
-0.061850609366539605,0.055557999999999004,0.0004482135762948418
-0.05164559227026115,0.055555999999999,0.0015436884767898356
-0.04482399649962353,0.055553999999999,0.002281450404918593
-0.039077291533994495,0.055551999999999,0.0012404817658570129
-0.030240292733784365,0.055549999999998996,0.0009254355355260075
-0.02557383508760768,0.055547999999998994,0.0008261631354140482
-0.02066733599269313,0.05554599999999899,0.0006965612295844445
-0.017393576986173623,0.05554399999999899,0.0010265887044230229
-0.013692478448396427,0.05554199999999899,0.0009900918969972079
-0.011408360343537925,0.055539999999998986,0.0004732214389076707
-0.010302955148443526,0.055537999999998984,0.0008527784666653575
-0.007976259187833401,0.055535999999998975,0.0003331276286607611
-0.007966194368659012,0.05553399999999897,0.0009757929930235491
-0.006876367846584999,0.05553199999999897,0.00036655602137190737
-0.005958788724456214,0.05552999999999897,0.00026135184781781123
-0.005539039341425651,0.05552799999999897,0.0005620530767111695
-0.005257553276793261,0.055525999999998965,0.00025543910421802857
-0.004542516195837666,0.05552399999999896,0.0002800409173984944
-0.0036712420821626525,0.05552199999999896,0.0003246276342718254
-0.0028174020411182448,0.05551999999999896,0.00022934722596485056
-0.002106644130746655,0.05551799999999896,0.00014353122113603835
-0.0011665259938638266,0.055515999999998955,0.00022533685769467052
-5.511412836651434e-05,0.05551399999999895,0.00011168136706387195
0.0011934670675457228,0.05551199999999895,0.0001491072100672982
0.0023890375915232905,0.05550999999999895,0.00021839255564703593
0.003707842808122385,0.05550799999999895,0.00018609956872281332
0.005289306391587774,0.05550599999999894,0.00041625254620061174
0.006670906061225155,0.055503999999998936,0.000477814739432197
0.0076450210706956595,0.055501999999998934,0.0005495304210678624
0.008918879453610343,0.05549999999999893,0.0008873621963934205
0.010615722793143911,0.05549799999999893,0.0006948038270803217
0.010330118783146543,0.05549599999999893,0.0006113211511682866
0.011854720808740858,0.055493999999998926,0.0010187799276231457
0.015196912184928048,0.055491999999998924,0.0018283528699163058
0.013128801640585974,0.05548999999999892,0.0005565840038218383
0.012941255821609807,0.05548799999999892,0.0010695116445971823
0.013368906781170446,0.05548599999999892,0.000931059960748044
0.012281634756950148,0.055483999999998916,0.001116582608428324
0.011724172773936413,0.055481999999998914,0.00131289409893935
0.011788207717316512,0.05547999999999891,0.0009157086851747725
0.009663958929601698,0.05547799999999891,0.0008311084711653656
0.008357458939326427,0.05547599999999891,0.00037547713113540043
0.008881709829864817,0.0554739999999989,0.0013180416737586722
0.005969681382848917,0.0554719999999989,0.0006462019150711355
0.005168540918171715,0.055469999999998895,0.00032995478721293154
0.0051346686369482825,0.05546799999999889,0.0004946851620942981
0.002568893862373785,0.05546599999999889,0.00017365595514565177
0.0012725909847896713,0.05546399999999889,0.00014714229824492594
5.0975490535707694e-05,0.05546199999999889,0.00011599391559626628
-0.0014178138386887163,0.055459999999998885,0.00020791428463756437
-0.001959337726619781,0.05545799999999888,9.716959464102075e-05
-0.00288092897375825,0.05545599999999888,0.00024198723072663296
-0.003967266960219673,0.05545399999999888,0.00014373411212428237
-0.004550044112361155,0.05545199999999888,0.0002983048445675781
-0.004786432685291893,0.055449999999998875,0.0003319768574140197
-0.006588636352055241,0.05544799999999887,0.0010178735766719846
-0.005797072229504468,0.05544599999999887,0.00023069323681364822
-0.006219056952890421,0.05544399999999887,0.0006093912332068759
-0.00599929827819222,0.05544199999999886,0.00027939291220833653
-0.006355274000597987,0.05543999999999886,0.0008364092297151565
-0.0060637702966180144,0.055437999999998856,0.0005104911287999258
-0.005923937832484427,0.055435999999998854,0.0008761747176667974
-0.005960909082701098,0.05543399999999885,0.0005178648692093916
-0.005549503931579568,0.05543199999999885,0.00020526972309757398
-0.004981900453956108,0.05542999999999885,0.0002891450002536555
-0.005059078208068012,0.055427999999998846,0.00021244379890632446
-0.0052453993776076634,0.055425999999998844,0.00043846652705267
-0.003649612946379266,0.05542399999999884,0.00023589420197431634
-0.0033328274594692908,0.05542199999999884,0.00028400167981723135
-0.002482050303848768,0.05541999999999884,0.00021576813238877786
-0.0017001071568414389,0.055417999999998836,9.375334125565054e-05
-0.001048914149271483,0.055415999999998834,9.289754181076054e-05
-0.00032775215751483766,0.05541399999999883,5.713090069867865e-05
0.00038397345098220424,0.05541199999999882,6.304309681835365e-05
0.0009408839452746465,0.05540999999999882,0.00010603617096235652
0.0015752678170713752,0.05540799999999882,0.0001436773028831184
0.002554456232050763,0.05540599999999882,0.00019178059198500278
0.003050321642769963,0.055403999999998815,0.00014106212159670348
0.003927045297223317,0.05540199999999881,0.00013363381044001403
0.003765642334672886,0.05539999999999881,0.0004944750853804018
0.004079908870632801,0.05539799999999881,0.0002655029684109256
0.004127836069271974,0.05539599999999881,0.0005955454736309053
0.0040531187697893396,0.055393999999998805,0.0004412749479327972
0.003949224617688988,0.0553919999999988,0.00018517619368548614
0.0032780862846318983,0.0553899999999988,0.00015168048467075536
0.0030650933995893907,0.0553879999999988,0.0001878282757003068
0.002568810176801412,0.0553859999999988,0.00017803643165840128
0.0022672579687933975,0.055383999999998795,0.00026422422860690475
0.001352358943546955,0.05538199999999879,0.00015214691417233077
0.0005351592563799569,0.055379999999998784,5.8359050693884035e-05
-0.00038577492133532213,0.05537799999999878,6.777676816121684e-05
-0.0012885853485724232,0.05537599999999878,0.00017431035961659036
-0.0020277968015904213,0.05537399999999878,0.0003465141878654995
-0.003103148280923098,0.055371999999998776,0.00016666040599174918
-0.0034861028615198924,0.055369999999998774,0.0004025583927712873
-0.004827419899061193,0.05536799999999877,0.00040538823705136363
-0.005127246788957635,0.05536599999999877,0.0005957453254491911
-0.006199589769451161,0.05536399999999877,0.0007320976619585078
-0.007070926209351597,0.055361999999998766,0.0003677666768969068
-0.006259115107755107,0.055359999999998764,0.00025482165838351743
-0.006625662238763259,0.05535799999999876,0.0004007349070290721
-0.007251930768127759,0.05535599999999876,0.0005736181366469238
-0.006988090791981101,0.05535399999999876,0.0006369775273265264
-0.0063279401675567235,0.055351999999998756,0.000631841932376724
-0.006067803399018942,0.05534999999999875,0.00030797033491377176
-0.0056504514089386094,0.055347999999998745,0.0011123004608198448
-0.004867972233942848,0.05534599999999874,0.0008470601832813509
-0.0041494576065728185,0.05534399999999874,0.0002290926130203018
-0.0028805594611985893,0.05534199999999874,0.0001420995792608269
-0.0021277424932318436,0.05533999999999874,8.865399297980291e-05
-0.0010247710817260917,0.055337999999998735,0.0001274160039467232
-0.0001397085381714801,0.05533599999999873,7.377299693797474e-05
0.0008780183853140391,0.05533399999999873,8.837617181155025e-05
0.0015630977488314646,0.05533199999999873,0.00016452922884735769
0.002295739354759001,0.05532999999999873,0.00017897013370417284
0.003390353330563182,0.055327999999998725,0.00021954557563842375
0.004094208225206735,0.05532599999999872,0.00034485658055433805
0.005428227396278307,0.05532399999999872,0.0002437271983895203
0.005004038086113693,0.05532199999999872,0.0002898489654149118
0.006071209245512595,0.05531999999999872,0.0003896186780359784
0.005991855095870826,0.05531799999999871,0.0002955071620605147
0.00700253033780745,0.055315999999998706,0.0007632904866982906
0.0058454526167221466,0.055313999999998704,0.00034472421569480693
0.006331106997924218,0.0553119999999987,0.00047671530253210674
0.005988631282093205,0.0553099999999987,0.000923384365148587
0.005456951387200731,0.0553079999999987,0.0002367258255697931
0.0055833141479729115,0.055305999999998696,0.0003700647237621792
0.004630946726703581,0.055303999999998694,0.0004344692125286011
0.004165609076433957,0.05530199999999869,0.00020087443249976398
0.0031678072462049314,0.05529999999999869,0.00020304743896092434
0.0024213757902455933,0.05529799999999869,0.00023653121576523584
0.001987720868488276,0.055295999999998686,0.00012459545963870857
0.001327831074576536,0.055293999999998684,9.466529255451833e-05
0.0007364173663225526,0.05529199999999868,7.043559200390248e-05
2.338527060981994e-05,0.05528999999999868,4.636463134944543e-05
-0.0007219690286165044,0.05528799999999868,8.060244417525201e-05
-0.0012316351915605908,0.05528599999999867,9.563814337223013e-05
-0.0017903086660362145,0.05528399999999867,0.00010111780156644003
-0.001984127553054837,0.055281999999998666,0.00015006705357562187
-0.0025348358191777825,0.055279999999998664,0.0001339215374515312
-0.002169903449848643,0.05527799999999866,0.00010539283086848549
-0.0029036474264003444,0.05527599999999866,0.00011316889298652899
-0.0031740041361489435,0.05527399999999866,0.00011751603693589552
-0.0023223778868282042,0.055271999999998656,4.886491828534401e-05
-0.002660994313564953,0.055269999999998654,0.0002493456376246249
-0.0027629772179618805,0.05526799999999865,6.208469499445085e-05
-0.002352239910526899,0.05526599999999865,9.952838638853847e-05
-0.001976473344271987,0.05526399999999865,7.207816477077855e-05
-0.001785004061819059,0.055261999999998646,0.0001472536250292903
-0.001584386274170629,0.055259999999998644,0.00010460272890623509
-0.0012911816619421467,0.05525799999999864,6.97389515706267e-05
-0.0009665001683216355,0.05525599999999863,2.3977391971346143e-05
-0.0007070137692240387,0.05525399999999863,4.5876395840490505e-05
-0.0004369976963030381,0.05525199999999863,2.608044268817744e-05
-0.00019289074897122486,0.05524999999999863,4.6938493713184285e-05
8.236506782995343e-05,0.055247999999998625,2.5261181133839218e-05
0.0003172505952147531,0.05524599999999862,1.9041086509183165e-05
0.0005148715371216237,0.05524399999999862,3.439727153512294e-05
0.0006292834167702206,0.05524199999999862,4.116909346919802e-05
0.0006191933662201563,0.05523999999999862,4.372486380111845e-05
0.0007168588321028945,0.055237999999998615,6.599024910816057e-05
0.0007582476048745939,0.05523599999999861,3.1974790324671635e-05
0.0006303781447022891,0.05523399999999861,5.827131985635383e-05
0.0006514474050835528,0.05523199999999861,4.954824304735362e-05
0.000595415543529611,0.05522999999999861,5.702569272769098e-05
0.0005561475218728314,0.055227999999998605,2.7003886941673493e-05
0.00041640047024200363,0.0552259999999986,4.9054835960503005e-05
0.00023237537974712572,0.055223999999998594,2.3478486935465248e-05
5.166907656223673e-05,0.05522199999999859,1.8524997275232627e-05
-0.00014307443044853736,0.05521999999999859,2.554959577164023e-05
-0.0003658318812120113,0.05521799999999859,3.16261137033667e-05
-0.0006042816782586136,0.055215999999998586,3.104914009078511e-05
-0.0008190703420616144,0.055213999999998584,2.9173369684170015e-05
-0.0010158474584901658,0.05521199999999858,4.668938051498059e-05
-0.0010737160415460261,0.05520999999999858,0.00012561319441554988
-0.0012161646151089992,0.05520799999999858,0.00011323848534273576
-0.0016061022753388417,0.055205999999998576,0.00017027254035844203
-0.0019930272973111675,0.055203999999998574,9.132197088397714e-05
-0.002176404783000579,0.05520199999999857,0.00011623999674193713
-0.0022670604500266123,0.05519999999999857,8.843834878332194e-05
-0.002652416212886044,0.05519799999999857,9.238932869327297e-05
-0.0023868244934040837,0.055195999999998566,0.00023826356362416243
-0.0027349699294066075,0.055193999999998564,0.0001129359133061365
-0.0026376507501257524,0.055191999999998555,8.525951331839019e-05
-0.0026084462596229307,0.05518999999999855,0.00026688095428433037
-0.0028848281366161826,0.05518799999999855,7.51617536444311e-05
-0.0029607876166932463,0.05518599999999855,0.00013390300709015292
-0.0028406729870409904,0.05518399999999855,9.502422117477861e-05
-0.002801435185273569,0.055181999999998545,0.00013176057523666825
-0.002687792520428218,0.05517999999999854,0.00010268726960206215
-0.0022483854322674465,0.05517799999999854,7.32910780804172e-05
-0.0021165115529347303,0.05517599999999854,7.005287727174377e-05
-0.0016715844562040366,0.05517399999999854,7.366315089346365e-05
-0.0013090012928809003,0.055171999999998535,0.00011961841563537198
-0.0008594341935088643,0.05516999999999853,5.6735469055785835e-05
-0.00035788879892163853,0.05516799999999853,3.912862668365396e-05
8.439103895365862e-05,0.05516599999999853,4.848620409462202e-05
0.0006767671874637728,0.05516399999999853,4.5678612414400494e-05
0.0011445370337622967,0.05516199999999852,6.766205679150015e-05
0.0015159647623167014,0.055159999999998516,0.00013927535770058477
0.0020356239499244753,0.055157999999998514,0.000122180896871261
0.002587341909323981,0.05515599999999851,0.0003156430427376437
0.0031152913620099976,0.05515399999999851,0.00017151064329623325
0.003556936340659229,0.05515199999999851,0.00022613324805701357
0.004194759189825328,0.055149999999998506,0.00012146694739933733
0.004021261152565971,0.055147999999998504,0.0002828906240851396
0.00452269262610371,0.0551459999999985,0.0005138884406051577
0.004991533049432346,0.0551439999999985,0.0002417781888987972
0.004486956399551084,0.0551419999999985,0.000293079602664163
0.004803616705757547,0.055139999999998496,0.00023120543217069689
0.004932464906425456,0.055137999999998494,0.00034346831734107425
0.004679104886293978,0.05513599999999849,0.00044607481036707284
0.005019867206487044,0.05513399999999849,0.00019293752717803187
0.0042339230085427434,0.05513199999999849,0.00027059896048654966
0.0046198782076280935,0.05512999999999848,0.00014787135600035213
0.003809057063384042,0.05512799999999848,0.00019894271270240617
0.003351790486917952,0.055125999999998475,8.894396499595554e-05
0.0027196227099973895,0.05512399999999847,0.00015036909878803499
0.002030611681435891,0.05512199999999847,0.0001112812256565747
0.0013749619114653664,0.05511999999999847,5.087524956540726e-05
0.0005391798806512224,0.05511799999999847,5.415472797721137e-05
-0.00012079030195511266,0.055115999999998465,5.992285383483917e-05
-0.000815143337131443,0.05511399999999846,7.618797114826292e-05
-0.0014764007939441412,0.05511199999999846,9.306857596988735e-05
-0.001763449554840227,0.05510999999999846,0.00015134660999617693
-0.002468429885054774,0.05510799999999846,0.00027338132146469596
-0.003110308494688355,0.055105999999998455,0.0003893081912889999
-0.004105696396733828,0.05510399999999845,0.0003658610459700889
-0.004042854983423694,0.05510199999999845,0.00020746369192746553
-0.004449390009433202,0.05509999999999844,0.00026356434502826457
-0.006008307539947746,0.05509799999999844,0.00032478360969994145
-0.006219736428560668,0.05509599999999844,0.00037185344088635364
-0.0065975943206767525,0.055093999999998436,0.0003736042129169009
-0.00699211451821257,0.055091999999998434,0.00017897445827852514
-0.007069598102123341,0.05508999999999843,0.00048785227649361293
-0.007215809830757411,0.05508799999999843,0.00034990612506200327
-0.0060288230455502155,0.05508599999999843,0.0003846642966957927
-0.006321689569842297,0.055083999999998426,0.0003425864583336767
-0.006616517676207724,0.055081999999998424,0.00039721439314297825
-0.005967959970172861,0.05507999999999842,0.0001804589676848984
-0.004933724357132324,0.05507799999999842,0.00014470088531769415
-0.005066994432130613,0.05507599999999842,0.00016415503337278414
-0.004023810484853325,0.055073999999998416,0.00013768370224232846
-0.0031625115420775606,0.055071999999998414,0.00014706568915753235
-0.002461416811458456,0.05506999999999841,0.0001446446947519072
-0.0015288706697438243,0.0550679999999984,8.003287270523601e-05
-0.000568715591785405,0.0550659999999984,8.045918667679683e-05
0.0004161850882638112,0.0550639999999984,9.978726341214024e-05
0.0013294114215152944,0.0550619999999984,9.939023196801883e-05
0.0022945929989989736,0.055059999999998395,0.0001492841293637965
0.0030196326408451347,0.05505799999999839,0.00014730113689345834
0.003866165279907627,0.05505599999999839,0.00044878702513691504
0.004619308535785652,0.05505399999999839,0.00022262513747381925
0.005495610038065307,0.05505199999999839,0.00038830439856693186
0.005693240816631547,0.055049999999998385,0.0004734878497288217
0.006096037015074358,0.05504799999999838,0.00020815823240803797
0.006667504348749181,0.05504599999999838,0.0005692540634371837
0.006006203234504055,0.05504399999999838,0.0004146516831564989
0.006311059261870805,0.05504199999999838,0.00027179682853216864
0.006891876758522976,0.055039999999998375,0.0005484338764295815
0.006023817648016691,0.05503799999999837,0.0005068636587766819
0.006405750303821687,0.055035999999998364,0.0003059521021239349
0.005478823519476053,0.05503399999999836,0.00017001865859911348
0.005891376052484163,0.05503199999999836,0.00032000403957884956
0.004520182422114792,0.05502999999999836,0.0003572859268494207
0.004229018547545727,0.055027999999998356,0.00020158450441935873
0.0032527288220870042,0.055025999999998354,0.00024554416095566665
0.002507997192705968,0.05502399999999835,0.00027516545968859113
0.0015327521246872437,0.05502199999999835,8.701927151948809e-05
0.0007331562293194081,0.05501999999999835,0.00010466840255020195
-8.274369074651202e-05,0.055017999999998346,0.0001055865193280739
-0.0008989776135230381,0.055015999999998344,9.719457755846529e-05
-0.0017157538560833901,0.05501399999999834,0.00012514708607509658
-0.0020617304086628045,0.05501199999999834,0.00010826763486552033
-0.0034606083050219482,0.05500999999999834,0.0001368749713298664
-0.0038656242005343485,0.055007999999998336,0.0002524698585861315
-0.004498135726208635,0.05500599999999833,0.00031495306193884607
-0.005152557616447079,0.055003999999998325,0.00033298757318327637
-0.005591178834359187,0.05500199999999832,0.0004105423829033935
-0.005811499622575862,0.05499999999999832,0.00014382847386365023
-0.004711827742881187,0.05499799999999832,0.0004751227903825613
-0.004874053145805711,0.05499599999999832,0.0003643074752525319
-0.005126139233521284,0.054993999999998315,0.0009513840197153867
-0.004834227556596646,0.05499199999999831,0.00032374736133231454
-0.0051095884195217845,0.05498999999999831,0.0002026446969945646
-0.004308522824353697,0.05498799999999831,0.00022782595077117576
-0.003808375777702156,0.05498599999999831,0.0003367012440423098
-0.003011885328969943,0.054983999999998305,0.00032348635732526145
-0.0028044445414727014,0.0549819999999983,6.549237627564129e-05
-0.00203395403039841,0.0549799999999983,7.477361982090246e-05
-0.001531211657942056,0.0549779999999983,0.00012149709894708866
-0.0009198698373526006,0.0549759999999983,6.982441025762417e-05
-0.00047234139191184037,0.05497399999999829,5.8560665127225935e-05
-7.380303075008255e-05,0.054971999999998286,6.426162272871152e-05
0.0003557391398256472,0.054969999999998284,5.5643005491393794e-05
0.0006947743103989328,0.05496799999999828,5.5476800211005174e-05
0.0009839529169663028,0.05496599999999828,0.0001165278712006152
0.0012528692762392834,0.05496399999999828,0.00010332891152051372
0.0012870700556341342,0.054961999999998276,0.00010129946510864105
0.0015560587614931955,0.054959999999998274,0.0001023717917865003
0.0015786305545422775,0.05495799999999827,9.02791475145001e-05
0.0017181706783546559,0.05495599999999827,8.122934603318208e-05
0.0012840616892993348,0.05495399999999827,9.691412485297156e-05
0.0014108734286966066,0.054951999999998266,0.00016076948787141672
0.001110856575183645,0.054949999999998264,0.00015196399406563482
0.0010447355573943303,0.05494799999999826,0.00011102007465685613
0.0006726419815034474,0.05494599999999826,4.708720160726128e-05
0.0005073128941127738,0.05494399999999826,5.924039359362588e-05
0.00035791717328059356,0.05494199999999825,3.4053118181984734e-05
0.00017406313948814035,0.05493999999999825,3.140432176998422e-05
2.187445607730082e-05,0.054937999999998245,2.0527604803911e-05
-0.00015840883591382966,0.05493599999999824,1.9223586651932333e-05
-0.0002935014574734375,0.05493399999999824,1.9684338495270564e-05
-0.00035474302051959056,0.05493199999999824,3.975519458393992e-05
-0.0005232128274086953,0.05492999999999824,4.967244449692494e-05
-0.0005645226177337829,0.054927999999998235,5.818026094852275e-05
-0.0006238079698625378,0.05492599999999823,2.8325656713196644e-05
-0.0006137671342631599,0.05492399999999823,4.460757957436084e-05
-0.0006504945608364958,0.05492199999999823,6.424670947980841e-05
-0.0005354994588375914,0.05491999999999823,3.563638189606767e-05
-0.0005927791178471091,0.054917999999998225,3.7655182310585585e-05
-0.0005081951479715844,0.05491599999999822,6.046456326089127e-05
-0.0005221848087884881,0.05491399999999822,8.651940526808327e-05
-0.0003792661819294677,0.05491199999999821,3.164375700439629e-05
-0.0003773311831768026,0.05490999999999821,3.066179199615881e-05
-0.00030823691617070493,0.05490799999999821,1.820691120866422e-05
-0.0002649161598900838,0.054905999999998206,1.8308421773794724e-05
-0.0002165995450948866,0.054903999999998204,1.4155858275645436e-05
-0.00017321001121337314,0.0549019999999982,2.113384549452986e-05
-0.00012911947272532934,0.0548999999999982,2.0504594566637578e-05
-8.623234268123052e-05,0.0548979999999982,2.5609960006636796e-05
-1.8937901417605468e-05,0.054895999999998196,1.2314451822153031e-05
1.1361434491205508e-05,0.054893999999998194,1.6118091910418167e-05
0.00010062532268582696,0.05489199999999819,1.0654909802279214e-05
0.00020636580978621922,0.05488999999999819,3.062178960754813e-05
0.0002999627357546445,0.05488799999999819,2.658046308762934e-05
0.0004452380847765665,0.054885999999998186,5.282966034000767e-05
0.0005932757490607144,0.054883999999998184,4.2109502540305355e-05
0.0007009874931715051,0.05488199999999818,5.6817735840178925e-05
0.0009934196903073577,0.05487999999999817,7.146706767626571e-05
0.0010777913664096357,0.05487799999999817,0.0001223022674362028
0.0014923447721780978,0.05487599999999817,6.868938058629137e-05
0.0017374279407182216,0.05487399999999817,8.726865969052252e-05
0.001805050593950614,0.054871999999998165,0.000148348533030766
