3.9358688327255814e-05,0.0493,2.637635186127318e-06
3.5363300467390484e-05,0.049297999999999995,3.2521626713948315e-06
4.180711531433777e-05,0.04929599999999999,1.5734561117748933e-06
3.803503218382632e-05,0.04929399999999999,1.9949781080281153e-06
3.814360236663696e-05,0.04929199999999999,1.866666738629383e-06
4.087581944314691e-05,0.04928999999999999,1.8969886662888594e-06
3.563505172916807e-05,0.049287999999999985,4.247905925260978e-06
3.367324467298497e-05,0.04928599999999998,2.4509221103897208e-06
3.4359397493574596e-05,0.04928399999999998,2.3149107543452306e-06
3.962701321969643e-05,0.04928199999999998,2.022541117517367e-06
3.223888630584526e-05,0.04927999999999997,1.2455444510345274e-06
3.589573076484094e-05,0.04927799999999997,3.1141973361484318e-06
3.612889974261586e-05,0.049275999999999966,2.6118579320713454e-06
3.548964621476338e-05,0.049273999999999964,2.666088278357793e-06
3.831377205287487e-05,0.04927199999999996,2.606877898415737e-06
3.665771641577632e-05,0.04926999999999996,2.6932697046410565e-06
3.565629807173783e-05,0.04926799999999996,1.8376034267284267e-06
3.85125497690772e-05,0.049265999999999956,1.4101435312562862e-06
3.923425128066083e-05,0.049263999999999954,3.61223310346195e-06
3.794588292458545e-05,0.04926199999999995,3.194750523254077e-06
4.092740126059251e-05,0.04925999999999995,1.4811504971832033e-06
4.3145475259909695e-05,0.04925799999999995,2.994417162506455e-06
4.381330203903202e-05,0.049255999999999946,2.564140992925866e-06
4.575476369665569e-05,0.049253999999999944,3.3652138618600783e-06
4.502055492125686e-05,0.04925199999999994,3.0871241715515863e-06
4.9331331316212224e-05,0.04924999999999993,2.3747607869218327e-06
5.207033590148535e-05,0.04924799999999993,2.4027183701111585e-06
5.2325503316147466e-05,0.04924599999999993,3.221699436207662e-06
5.567070582329393e-05,0.04924399999999993,3.6479325575298696e-06
5.293280799969156e-05,0.049241999999999925,1.2791042914272538e-06
5.800281572112462e-05,0.04923999999999992,4.5080322556679106e-06
6.396248549785091e-05,0.04923799999999992,2.0057742065676096e-06
6.465132201589317e-05,0.04923599999999992,3.7032403378214293e-06
6.76483898542894e-05,0.04923399999999992,2.1994679791787602e-06
7.029595618144098e-05,0.049231999999999915,2.8009031361486137e-06
7.049306628052243e-05,0.04922999999999991,3.995548476308891e-06
7.269059583197553e-05,0.04922799999999991,5.118782809298014e-06
7.15794801977886e-05,0.04922599999999991,4.471911279196247e-06
7.68398284672698e-05,0.04922399999999991,1.6444182253390843e-06
7.944919825331783e-05,0.049221999999999905,1.3281940020845723e-06
8.068347708576483e-05,0.0492199999999999,2.929954398776053e-06
8.055147650423872e-05,0.049217999999999894,2.7058143895224978e-06
7.813233432174309e-05,0.04921599999999989,1.6150284139507645e-06
7.629548858138236e-05,0.04921399999999989,2.547629136393553e-06
7.895180814817102e-05,0.04921199999999989,2.7247340114476215e-06
7.767177028298015e-05,0.049209999999999886,5.108372158116986e-06
7.489689201445854e-05,0.049207999999999884,5.180861247681318e-06
7.351131157775648e-05,0.04920599999999988,3.763336347356012e-06
6.872950754601144e-05,0.04920399999999988,3.6977671686262274e-06
6.796900086795154e-05,0.04920199999999988,4.20881328983104e-06
6.858630643866861e-05,0.049199999999999876,3.997292327674516e-06
6.123841665792115e-05,0.049197999999999874,2.780444363957782e-06
5.608064256426857e-05,0.04919599999999987,5.948493694708765e-06
5.3332431224363364e-05,0.04919399999999987,3.7958254398128884e-06
4.855670178540897e-05,0.04919199999999987,2.236083930962094e-06
4.5443389044198514e-05,0.049189999999999866,2.634122599498663e-06
3.616202650130585e-05,0.04918799999999986,3.775910532684131e-06
2.8467969994477288e-05,0.049185999999999855,3.052413331741786e-06
2.050332386685645e-05,0.04918399999999985,1.8021780550199737e-06
1.0824869422326788e-05,0.04918199999999985,1.3538486620481949e-06
4.6791620290160354e-06,0.04917999999999985,1.957176318537737e-06
-9.005425050165264e-06,0.04917799999999985,1.7817857856740144e-06
-2.1522697655134894e-05,0.049175999999999845,2.068644623244531e-06
-3.380179127795654e-05,0.04917399999999984,2.225423602518576e-06
-4.9802888432014956e-05,0.04917199999999984,3.7329832360036967e-06
-6.0381483679048084e-05,0.04916999999999984,3.1596223232481095e-06
-7.515196142761405e-05,0.04916799999999984,5.198249918411084e-06
-9.105547782214362e-05,0.049165999999999835,4.398842657278171e-06
-0.00010711785000132468,0.04916399999999983,6.0000058526284025e-06
-0.0001163790245882771,0.04916199999999983,9.201176063318495e-06
-0.00013053076594515863,0.04915999999999983,7.334174283545385e-06
-0.00014706443842666382,0.04915799999999983,8.739284576229208e-06
-0.00015491494353429304,0.04915599999999982,3.6724686935792323e-06
-0.00018173067076193808,0.049153999999999816,8.148281549581882e-06
-0.00018262000312852103,0.049151999999999814,8.992427670870671e-06
-0.0002025785706188182,0.04914999999999981,5.64428717524799e-06
-0.00020792267922466952,0.04914799999999981,3.8061457125313053e-06
-0.00020990397840000001,0.04914599999999981,4.759610265651491e-06
-0.00020604836438425396,0.049143999999999806,1.084107555748842e-05
-0.00020224900889696942,0.049141999999999804,3.5687327291508043e-06
-0.00019081851223300253,0.0491399999999998,9.387383076769062e-06
-0.0001520543808526602,0.0491379999999998,4.04729506175748e-06
-0.00015257967912075615,0.0491359999999998,1.020791492926063e-05
-0.00014008083833879736,0.049133999999999796,6.577427071060837e-06
-0.00010321063911769777,0.049131999999999794,6.268048950739751e-06
-7.512472498652671e-05,0.04912999999999979,3.1702207025525997e-06
-5.746422991815739e-05,0.04912799999999979,2.64564547242449e-06
-2.846960955991407e-05,0.04912599999999979,3.153349016053286e-06
-6.381638641674034e-06,0.04912399999999978,2.6730791125440936e-06
1.9335059917019368e-05,0.04912199999999978,2.9614216521812493e-06
3.583857428059797e-05,0.049119999999999775,3.697651785610493e-06
5.199800199862037e-05,0.04911799999999977,4.5917598825525964e-06
4.928038746522524e-05,0.04911599999999977,3.857851682662774e-06
3.800816719095628e-05,0.04911399999999977,3.518742817973202e-06
3.031902389735526e-05,0.04911199999999977,8.571006866433925e-06
-2.8352218384786348e-05,0.049109999999999765,6.755827130709404e-06
-7.518338531547248e-05,0.04910799999999976,1.1096392108177345e-05
-0.00017199949928079018,0.04910599999999976,3.7936680238530464e-06
-0.0002959451924625136,0.04910399999999976,1.3924092823964816e-05
-0.0004317272901182419,0.04910199999999976,1.9795110774337605e-05
-0.0006006836752597177,0.049099999999999755,3.1543280765806715e-05
-0.0008350003778740158,0.04909799999999975,2.8086543968122196e-05
-0.001127189339436114,0.04909599999999975,3.540579542245608e-05
-0.0014893434462025135,0.04909399999999974,4.773900495729344e-05
-0.0019205052792598265,0.04909199999999974,5.524982605111642e-05
-0.00223629634288158,0.04908999999999974,0.0001114960882904982
-0.0025262776587956894,0.049087999999999736,9.864225136692227e-05
-0.0031791805313967853,0.049085999999999734,0.00019683808967010195
-0.004018405509675257,0.04908399999999973,0.00012868884903316825
-0.0041998053086482814,0.04908199999999973,0.0002480772850637284
-0.005017975680584537,0.04907999999999973,0.0003140595296925447
-0.005847188446505877,0.049077999999999726,0.00023459310328966288
-0.006567931308937444,0.049075999999999724,0.0004540786476290024
-0.007331879525050843,0.04907399999999972,0.0003579018101367124
-0.008509935491844227,0.04907199999999972,0.00023284116795943267
-0.009044887742802935,0.04906999999999972,0.00031334563379229027
-0.009671879982435839,0.049067999999999716,0.000210471090188074
-0.010434505873412976,0.049065999999999714,0.00014848762018433885
-0.010181613369647811,0.04906399999999971,0.0007466900453048288
-0.010916977461113506,0.0490619999999997,0.0005839534398686609
-0.010816075500735507,0.0490599999999997,0.0005295212894507328
-0.010614599202367686,0.0490579999999997,0.00045829455305573726
-0.010694819645402729,0.0490559999999997,0.0003837641271989406
-0.011002304123674488,0.049053999999999695,0.0002613022461388446
-0.010503162270246653,0.04905199999999969,0.00011466853030532245
-0.008318791077291998,0.04904999999999969,0.000886359110000052
-0.007728062935029174,0.04904799999999969,0.0002913839759918869
-0.006221278927994338,0.04904599999999969,0.00039692785037553127
-0.004676767286957284,0.049043999999999685,0.0003750684767184278
-0.0030062209626359744,0.04904199999999968,0.00023957776822441446
-0.0008820864769243205,0.04903999999999968,0.0001544255973718462
0.0015458331146655908,0.04903799999999968,0.00016105144056844368
0.003968159702831459,0.04903599999999968,0.0003919494651847807
0.007310616504913798,0.049033999999999675,0.00042022724144925616
0.009432961133873024,0.04903199999999967,0.00039928439071551855
0.01261618457667218,0.049029999999999664,0.0007090369897465014
0.01625063730973079,0.04902799999999966,0.000962135960739506
0.018267901177929854,0.04902599999999966,0.0009637528985483602
0.020884445576816665,0.04902399999999966,0.0007202364184967533
0.023207172012881395,0.049021999999999656,0.0007704215237288838
0.02639620271475502,0.049019999999999654,0.0018630255867549746
0.02695824247896528,0.04901799999999965,0.0006325397789395733
0.030397743976878337,0.04901599999999965,0.0010506287356949536
0.031356422157376024,0.04901399999999965,0.0012834249479275928
0.032959916677772184,0.049011999999999646,0.001222624497220064
0.03210180728834772,0.049009999999999644,0.0005818883910887104
0.03276537965056321,0.04900799999999964,0.0005520347935214816
0.032414798849981566,0.04900599999999964,0.0005116540548928981
0.03179970064919352,0.04900399999999964,0.0006244072140710862
0.03112983994495647,0.049001999999999636,0.0011441179035930546
0.02995955367946141,0.04899999999999963,0.0008588284178861318
0.026348321862977128,0.048997999999999625,0.0009282387311616553
0.025212501147078722,0.04899599999999962,0.0006573618928686803
0.021178478566115072,0.04899399999999962,0.0009875168093898248
0.01755119878314725,0.04899199999999962,0.001131580800954783
0.01430837899117627,0.04898999999999962,0.0006954417419677845
0.010594654236344078,0.048987999999999615,0.0005961616876852823
0.005693605066118512,0.04898599999999961,0.00032153967966835325
0.0007226110306338949,0.04898399999999961,0.0002927747866011279
-0.0036378680364015214,0.04898199999999961,0.00035136984180379104
-0.008596854441613075,0.04897999999999961,0.0004102416373909884
-0.013216785728375986,0.048977999999999605,0.0010363450105888464
-0.016961071917780922,0.0489759999999996,0.0005730191580706694
-0.023389226925022197,0.0489739999999996,0.0008325028805408895
-0.02639913894042163,0.0489719999999996,0.0016366441617149394
-0.0306506376688433,0.0489699999999996,0.0005320660580407249
-0.031322341188814225,0.04896799999999959,0.0013331809508171373
-0.0336266748375095,0.048965999999999586,0.0016115279932545693
-0.03441345076452171,0.048963999999999584,0.0009355093413038197
-0.03416523510087469,0.04896199999999958,0.0017672432614339892
-0.03699577631685016,0.04895999999999958,0.0004054470008026367
-0.03669958460755831,0.04895799999999958,0.0009343127754847347
-0.03380560711383993,0.048955999999999576,0.001243866538811516
-0.03110315594473517,0.048953999999999574,0.001930400937171335
-0.027720041737113708,0.04895199999999957,0.0010655606648838159
-0.029570431530445716,0.04894999999999957,0.0020346079162617266
-0.02665270167280923,0.04894799999999957,0.0021505987813365767
-0.023908793961705692,0.048945999999999566,0.002110438928959777
-0.022267661973478722,0.048943999999999564,0.0010968104604152213
-0.021151209926962476,0.04894199999999956,0.0004549910722835129
-0.01671054508804187,0.04893999999999956,0.0010452232961669547
-0.014865348125161555,0.04893799999999955,0.00016992354709636706
-0.010854870772610903,0.04893599999999955,0.0009038356315324189
-0.007841147976877148,0.04893399999999955,0.000343169116011849
-0.004900900140358383,0.048931999999999545,0.0003240540998615127
-0.0020543721917465137,0.04892999999999954,0.00020067726262390384
-1.8910486223302513e-06,0.04892799999999954,0.00014477072484023423
0.0019376992142666584,0.04892599999999954,0.00017641384477720323
0.0036022730262913966,0.04892399999999954,0.00010054972146165922
0.005184486698801614,0.048921999999999535,0.00028514520844899883
0.0059364487686330725,0.04891999999999953,0.0003273495820878525
0.007094889980364804,0.04891799999999953,0.0003586146486435532
0.008212410438867968,0.04891599999999953,0.000254423660837229
0.008517195446943937,0.04891399999999953,0.0003862075967475246
0.00862665801950846,0.048911999999999525,0.000300007819284373
0.008626029683225303,0.04890999999999952,0.0003542667009438469
0.008369272197943952,0.04890799999999952,0.0005218000903993562
0.008434146562490547,0.04890599999999951,0.00029957394663484015
0.008370352569453768,0.04890399999999951,0.00040187370749414565
0.007562746440346625,0.04890199999999951,0.000583134126608509
0.007635536991579714,0.048899999999999506,0.0003935739076912618
0.007423449370610614,0.048897999999999504,0.00034698000123509155
0.006911106844436394,0.0488959999999995,0.0002154176296697038
0.006529421706483604,0.0488939999999995,0.0002679944657977362
0.0056272600780715816,0.0488919999999995,0.00025538579581000845
0.004886478720413236,0.048889999999999496,0.00016499416284784232
0.0050132985332986,0.048887999999999494,0.00015493308445745424
0.004504804702090855,0.04888599999999949,0.00030430904304695213
0.004621681882491063,0.04888399999999949,0.0002896083984328664
0.004282089792094818,0.04888199999999949,0.00021481492768734949
0.003718398030208533,0.048879999999999486,0.00019693603133196015
0.003745709786829422,0.048877999999999484,0.000260456014967336
0.0033167649009515953,0.04887599999999948,0.00018371769947097126
0.0034726070313537277,0.04887399999999947,0.0001115555837825106
0.0032908042462348078,0.04887199999999947,0.00020553013844470404
0.0029448309003474254,0.04886999999999947,0.0001979625394057065
0.0027290039509320655,0.04886799999999947,0.00015467677846623713
0.0026019647177547463,0.048865999999999465,0.00015068441870585256
0.0024029051079513105,0.04886399999999946,7.798399820973572e-05
0.0019252392048748213,0.04886199999999946,8.466728021903554e-05
0.0018887083283319597,0.04885999999999946,7.767794529322539e-05
0.0015464676676086276,0.04885799999999946,7.761264598540764e-05
0.0013129693695587952,0.048855999999999455,0.00010640253474594462
0.0009729042664420746,0.04885399999999945,5.7778611876636694e-05
0.0007313477462152787,0.04885199999999945,4.531609863736298e-05
0.00042680061070803164,0.04884999999999945,3.782535918870831e-05
0.00015960492951973328,0.04884799999999945,1.6841093909991342e-05
-6.180407762463105e-05,0.048845999999999445,2.1337803359514155e-05
-0.00029683953582255047,0.048843999999999436,1.7526970589286e-05
-0.00048486251914032146,0.048841999999999434,4.880241423183671e-05
-0.0006970516384646627,0.04883999999999943,4.1565884744354676e-05
-0.0008576360488899652,0.04883799999999943,4.3588958236324006e-05
-0.0009849785513809143,0.04883599999999943,4.770559336966907e-05
-0.0010811876052130521,0.048833999999999426,7.005398135905751e-05
-0.0012066614226968959,0.048831999999999424,6.844801588030904e-05
-0.001285904086996184,0.04882999999999942,5.5920901201618254e-05
-0.0013509072585533982,0.04882799999999942,7.745715118295457e-05
-0.0013153512114801502,0.04882599999999942,7.813797744383372e-05
-0.0012772491846681023,0.048823999999999416,6.003753864846426e-05
-0.0013985886147074016,0.048821999999999414,1.7856962960366187e-05
-0.0012049751634326843,0.04881999999999941,6.980337635707721e-05
-0.0012440399638470828,0.04881799999999941,2.566412911429316e-05
-0.00113887755490108,0.04881599999999941,3.190818098674615e-05
-0.001094286304399096,0.048813999999999406,4.248390602464578e-05
-0.0009750759913294825,0.0488119999999994,4.359278726680625e-05
-0.0008680023163824784,0.048809999999999396,4.959352832725247e-05
-0.0007655044981552927,0.048807999999999394,5.0639171133829636e-05
-0.0006678845068413915,0.04880599999999939,2.648292311158635e-05
-0.0005654314275786914,0.04880399999999939,1.802676449685637e-05
-0.0005137446938380825,0.04880199999999939,1.1681727057070313e-05
-0.0004203315933994515,0.048799999999999386,1.0345974551080748e-05
-0.0002857381925601388,0.048797999999999384,1.2640748924182397e-05
-0.0001631439099309455,0.04879599999999938,1.5319914643442002e-05
-4.415376809602064e-05,0.04879399999999938,9.605828975756697e-06
7.076719620878562e-05,0.04879199999999938,7.975621203787304e-06
0.00018006631049418526,0.048789999999999376,1.0718519495805143e-05
0.00027510658132947843,0.048787999999999374,1.703335567768065e-05
0.0004087064543074641,0.04878599999999937,1.6181045777852405e-05
0.0004965590040563876,0.04878399999999937,1.3446632118236155e-05
0.0005537873615848858,0.04878199999999937,3.334761094728967e-05
0.0007012292673497222,0.04877999999999936,2.3121093961965884e-05
0.0007850462713318327,0.04877799999999936,3.562604095692047e-05
0.0008432771976934984,0.048775999999999355,8.847321906132391e-05
0.0009664615689987517,0.04877399999999935,3.9965852957244034e-05
0.0010547591215905618,0.04877199999999935,1.6962370727830932e-05
0.0010307843348959977,0.04876999999999935,8.436978951701537e-05
0.0010149463266580913,0.04876799999999935,3.1473985997950864e-05
0.0010113343504520541,0.048765999999999345,4.937589108463872e-05
0.0009757018394239021,0.04876399999999934,5.7417124431923196e-05
0.0010465928997552194,0.04876199999999934,6.509301340863231e-05
0.0009735486524345661,0.04875999999999934,9.768858681750053e-05
0.0009064356239392416,0.04875799999999934,7.193881643768113e-05
0.0009158948741780376,0.048755999999999335,1.976570300132058e-05
0.0006984431877602068,0.04875399999999933,2.5702828610790888e-05
0.0006520809052750804,0.04875199999999933,2.6535104744533548e-05
0.0005677847556140733,0.04874999999999932,2.798883152204351e-05
0.0004872355162217624,0.04874799999999932,1.1334055334217164e-05
0.0003778632419037069,0.04874599999999932,1.0042724788025117e-05
0.0002512181690750747,0.048743999999999316,1.3345405680045645e-05
0.00016836547563979222,0.048741999999999314,5.3155421153745755e-06
7.712233864138018e-05,0.04873999999999931,8.94925050509044e-06
-2.7364652954761265e-06,0.04873799999999931,6.665154836022119e-06
-8.294122334045682e-05,0.04873599999999931,1.1140747891041147e-05
-0.00014831485218297274,0.048733999999999306,1.4332677835841788e-05
-0.00018017819459007945,0.048731999999999304,7.843001247661369e-06
-0.00021092612622888429,0.0487299999999993,1.5849085048552135e-05
-0.0002455044749238366,0.0487279999999993,1.1649733710994187e-05
-0.00022286442986878884,0.0487259999999993,9.802946344143057e-06
-0.00022035390792244007,0.048723999999999296,1.2228720517575876e-05
-0.0001970298319786024,0.048721999999999294,7.400037503822764e-06
-0.00016750815769469158,0.04871999999999929,9.243764620426857e-06
-0.00012770577389325515,0.04871799999999928,1.050818250582658e-05
-7.46694005419123e-05,0.04871599999999928,3.5050842553485624e-06
-3.2487592271739244e-05,0.04871399999999928,4.269332671579826e-06
8.429844178788107e-06,0.04871199999999928,4.543579125475904e-06
5.6497875510870736e-05,0.048709999999999275,4.091834624447636e-06
0.0001036546585010842,0.04870799999999927,6.795335073799612e-06
0.00014138884614174353,0.04870599999999927,6.449583162705375e-06
0.0001741193948786122,0.04870399999999927,1.3000521793132061e-05
0.0001918390311785325,0.04870199999999927,1.3697626489698461e-05
0.00022287181013540085,0.048699999999999265,1.4732709366205388e-05
0.00023642827195313677,0.04869799999999926,1.2958774714070417e-05
0.00024240576444336842,0.04869599999999926,1.6712430194797203e-05
0.0002490408765726174,0.04869399999999926,1.3932353392379389e-05
0.00023742024589353485,0.04869199999999926,1.420492920579293e-05
0.00023266029945252542,0.048689999999999255,1.5699361395298626e-05
0.00019247476075872158,0.048687999999999246,1.1008747235245233e-05
0.00016322648083378906,0.048685999999999244,1.05567264594933e-05
0.0001191350031370227,0.04868399999999924,1.0329730180937263e-05
9.011209417005566e-05,0.04868199999999924,4.753735919854918e-06
5.1891173130220855e-05,0.04867999999999924,7.176640855866808e-06
5.303577747136593e-06,0.048677999999999236,5.108179601408609e-06
-4.006086448117473e-05,0.048675999999999234,4.612714598694918e-06
-8.902565792815782e-05,0.04867399999999923,8.784083401883264e-06
-0.00012262869828720308,0.04867199999999923,3.933962642199765e-06
-0.00014716008863257884,0.04866999999999923,6.239497018421285e-06
-0.00018583879775840094,0.048667999999999226,7.269252639813454e-06
-0.00022271723219522503,0.048665999999999224,1.1139453680717212e-05
-0.00021864079383270208,0.04866399999999922,1.0214116143232446e-05
-0.00022023267201297476,0.04866199999999922,6.212195419372847e-06
-0.00022127657056249928,0.04865999999999922,4.3707717115338155e-06
-0.0002504336093504078,0.048657999999999216,9.570532295954228e-06
-0.00022406455147271065,0.04865599999999921,2.167891201686041e-05
-0.00021747972092654196,0.048653999999999205,1.2805301893388967e-05
-0.00020950126401949907,0.0486519999999992,8.321022993778001e-06
-0.0001721164426231223,0.0486499999999992,3.877995386376672e-06
-0.00015019154021757254,0.0486479999999992,1.6033368212118077e-05
-0.00012534818192218623,0.0486459999999992,1.0550276735262387e-05
-9.136516123634166e-05,0.048643999999999195,8.729976099706993e-06
-7.031572669547938e-05,0.04864199999999919,1.304578226298982e-05
-2.4678011427945484e-05,0.04863999999999919,4.779268398325777e-06
1.0359663945929616e-05,0.04863799999999919,4.834064339811557e-06
4.886776118737743e-05,0.04863599999999919,9.527184225349708e-06
0.00010474235918098165,0.048633999999999185,1.2641545869542505e-05
0.00013213531159209267,0.04863199999999918,1.0439151970283654e-05
0.0001636839267998747,0.04862999999999918,4.673071728162494e-06
0.0001925530031337345,0.04862799999999918,1.0054255439716155e-05
0.00024284835327061138,0.04862599999999918,1.0001923587266373e-05
0.00025246968091619237,0.04862399999999917,1.225479858742903e-05
0.0003021650994419019,0.048621999999999166,8.149940183540965e-06
0.0002975625975831431,0.048619999999999164,7.84677536703031e-06
0.0003165294270806315,0.04861799999999916,1.58649994685405e-05
0.00030390885776661867,0.04861599999999916,7.730704435032764e-06
0.00032248280628492784,0.04861399999999916,1.1780796215716027e-05
0.0003589022433075499,0.048611999999999156,2.7439978553612872e-05
0.00031711484628508667,0.048609999999999154,2.0253138354840016e-05
0.0003109519879339902,0.04860799999999915,1.2713513592031798e-05
0.0003257629111369259,0.04860599999999915,1.554454398975455e-05
0.00032131676828605385,0.04860399999999915,1.551162683792976e-05
0.0002933421602689691,0.048601999999999146,1.686891658053965e-05
0.00027867774014541226,0.048599999999999144,1.0460430501707704e-05
0.00026763964730707753,0.04859799999999914,1.0979766354944294e-05
0.0002184687050439706,0.04859599999999914,9.914521094638768e-06
0.0001825949717856157,0.04859399999999913,6.168679431011972e-06
0.00017735440142535618,0.04859199999999913,4.348180694633323e-06
0.00013365463856912767,0.04858999999999913,4.266134825325423e-06
0.00012177977474902324,0.048587999999999125,3.754563063304232e-06
9.289657813881955e-05,0.04858599999999912,5.3178358970351945e-06
6.528458836955099e-05,0.04858399999999912,7.192555727469805e-06
4.453051434699723e-05,0.04858199999999912,4.760203957954582e-06
2.2065915275992705e-05,0.04857999999999912,3.289503477864954e-06
-1.8819346018596008e-06,0.048577999999999115,3.228273713199634e-06
-1.6980950802333073e-05,0.04857599999999911,5.496178906227093e-06
-3.057199806915721e-05,0.04857399999999911,6.597413105719696e-06
-5.603115154418366e-05,0.04857199999999911,5.993643570464339e-06
-5.9813814214732195e-05,0.04856999999999911,5.300362708422835e-06
-5.522241608996315e-05,0.048567999999999105,2.3239151412962244e-06
-6.578275178287121e-05,0.0485659999999991,8.07311560710477e-06
-5.5655482715279805e-05,0.0485639999999991,5.809280297882665e-06
-5.0673744024907955e-05,0.04856199999999909,8.63043505150385e-06
-4.484564556791174e-05,0.04855999999999909,4.06358405426299e-06
-3.3782299323623304e-05,0.04855799999999909,2.7416817341087077e-06
-1.791317552843432e-05,0.048555999999999086,7.0446496846323276e-06
-6.309457620785694e-06,0.048553999999999084,3.4928923584852644e-06
2.3953870781435967e-05,0.04855199999999908,4.498213297205183e-06
2.9165147619581753e-05,0.04854999999999908,4.099289022935504e-06
4.614796232351139e-05,0.04854799999999908,4.455645220339076e-06
5.8493408994247626e-05,0.048545999999999076,4.359969465020649e-06
8.31057388287135e-05,0.048543999999999074,3.7675506976752745e-06
9.824571506062355e-05,0.04854199999999907,2.82871226734796e-06
0.00011298884736111569,0.04853999999999907,4.745447248377002e-06
0.00013104893021736292,0.04853799999999907,2.629802705213845e-06
0.0001481562322846728,0.048535999999999066,8.776327155351255e-06
0.00016055254639477673,0.048533999999999064,8.106083571914549e-06
0.0001634525745757551,0.04853199999999906,8.060034741106294e-06
0.00017473939619958525,0.04852999999999905,1.75787119011313e-05
0.0001623860560682078,0.04852799999999905,4.334715534229404e-06
0.00017046287600815783,0.04852599999999905,7.854332216771631e-06
0.00014476062783218735,0.04852399999999905,8.092125973613517e-06
0.000137343731592991,0.048521999999999045,1.1272805764734073e-05
0.0001439522461645405,0.04851999999999904,6.12982020614725e-06
0.00010731791494750378,0.04851799999999904,1.1718985468338726e-05
9.014499618434635e-05,0.04851599999999904,8.691432583822565e-06
6.879720535185329e-05,0.04851399999999904,5.582530921428302e-06
6.561771895836752e-05,0.048511999999999035,4.800400779048552e-06
2.8070202151856016e-05,0.04850999999999903,5.880447274808711e-06
-1.5252663668052301e-05,0.04850799999999903,7.313365948182938e-06
-3.9795761013311986e-05,0.04850599999999903,3.3751197157996687e-06
-4.978261120353551e-05,0.04850399999999903,4.666502442518851e-06
-8.63123073147288e-05,0.048501999999999025,6.157074014110224e-06
-0.00012037200441227747,0.048499999999999016,1.1402403296012227e-05
-0.00012779305125558624,0.048497999999999014,7.890712342110326e-06
-0.0001719926125700994,0.04849599999999901,9.285149575435811e-06
-0.00018849380508603327,0.04849399999999901,3.5590160760053223e-06
-0.0002164648693786215,0.04849199999999901,3.5603253579267904e-06
-0.0002463785253429953,0.048489999999999006,1.1551891441731323e-05
-0.000247894252694972,0.048487999999999004,5.5307991267793695e-06
-0.00027638739431133495,0.048485999999999,1.5403131015528824e-05
-0.0002801071852092213,0.048483999999999,1.4277951524248687e-05
-0.0002851638045387762,0.048481999999999,1.7767231641661525e-05
-0.0002892400062184085,0.048479999999998996,8.66329926058596e-06
-0.0002932705926319862,0.048477999999998994,5.919530573897645e-06
-0.00028902433446256656,0.04847599999999899,1.8854130819399014e-05
-0.0002666735777112835,0.04847399999999899,1.1456481847631999e-05
-0.00026346495987894676,0.04847199999999899,9.999017021344082e-06
-0.0002407123531846168,0.048469999999998986,8.726573616442598e-06
-0.00023886167415979086,0.04846799999999898,1.7065326931607163e-05
-0.00021463482887184264,0.048465999999998975,1.4567480342608079e-05
-0.0001564894933256141,0.04846399999999897,1.325074868388179e-05
-0.00013125751054594918,0.04846199999999897,5.7520132245072125e-06
-9.975815465110127e-05,0.04845999999999897,4.910071445977653e-06
-6.304126103716575e-05,0.04845799999999897,5.064951989620069e-06
-3.320226416966296e-05,0.048455999999998965,6.086688262299423e-06
2.383823778402861e-05,0.04845399999999896,7.584165958401516e-06
5.821705323392427e-05,0.04845199999999896,8.331984364728291e-06
9.585122480003604e-05,0.04844999999999896,5.0428364584386065e-06
0.00013497593319587018,0.04844799999999896,3.869120905448426e-06
0.00018563266820809915,0.048445999999998955,1.5307723612322573e-05
0.0002117554193817655,0.04844399999999895,7.980667179551226e-06
0.00024484514631303915,0.04844199999999895,5.807904437816351e-06
0.0002822513733365012,0.04843999999999895,9.218798790250774e-06
0.0003258703198966913,0.04843799999999894,1.0176335223457805e-05
0.00033233827928605083,0.04843599999999894,1.6242839545411115e-05
0.00039828211014793187,0.048433999999998936,2.2041287338877502e-05
0.00039706091454257413,0.048431999999998934,2.475039202974754e-05
0.0004126463779918559,0.04842999999999893,2.5794799149508467e-05
0.00039557847093793264,0.04842799999999893,1.5599344648821378e-05
0.0003938218922822558,0.04842599999999893,1.5763391408661218e-05
0.0003874098116296707,0.048423999999998926,1.6727704276879065e-05
0.0003663146027409122,0.048421999999998924,6.676392056901218e-06
0.00036210974699415555,0.04841999999999892,1.3394547271477702e-05
0.0003555144607159748,0.04841799999999892,1.8976760476223354e-05
0.00034776458948732,0.04841599999999892,1.819452146478078e-05
0.00028829627044315854,0.048413999999998916,2.1804182210944683e-05
0.0002300525071458281,0.048411999999998914,4.134790495645419e-06
0.00022640233703377508,0.04840999999999891,1.4630406260368193e-05
0.00016974796535282064,0.04840799999999891,3.5183159489864907e-06
0.00011988766218575354,0.0484059999999989,6.318656995324308e-06
7.596325169814345e-05,0.0484039999999989,3.9941463484393505e-06
3.8597653771002195e-05,0.0484019999999989,2.622569397132557e-06
-6.415579153055179e-06,0.048399999999998895,4.132439891287941e-06
-4.769846868997216e-05,0.04839799999999889,3.769240719073806e-06
-9.338161128705287e-05,0.04839599999999889,7.042935501813041e-06
-0.00013143227215683167,0.04839399999999889,1.2433071508342184e-05
-0.00015336146741827352,0.04839199999999889,4.935507044127551e-06
-0.00018315432584828175,0.048389999999998885,1.3144530378824401e-05
-0.0002229547943422481,0.04838799999999888,8.737252885219114e-06
-0.00021199172258293565,0.04838599999999888,5.091701222644636e-06
-0.00022031858317381883,0.04838399999999888,1.0462962949750289e-05
-0.000230633797834499,0.04838199999999888,9.884498550516829e-06
-0.00022402109730402785,0.048379999999998875,6.666011164284783e-06
-0.00024371986068690092,0.04837799999999887,1.6928536079657737e-05
-0.00023860906267269283,0.04837599999999887,1.1921293229467024e-05
-0.0002056358659942632,0.04837399999999886,7.900739844935162e-06
-0.0001719306449843412,0.04837199999999886,1.2796803289335834e-05
-0.00015333572301368692,0.04836999999999886,1.1856117428957096e-05
-0.00011876511815485358,0.048367999999998856,7.4352155096301195e-06
-7.798716481834274e-05,0.048365999999998854,5.493280856548637e-06
-4.582614789898515e-05,0.04836399999999885,4.155047283422914e-06
-1.8395008984735498e-05,0.04836199999999885,8.027870935379052e-06
2.529533688629447e-05,0.04835999999999885,5.398133211116821e-06
6.507525229114064e-05,0.048357999999998846,3.395696735386537e-06
0.00010072135718329409,0.048355999999998844,5.156265716790193e-06
0.00014062662767501744,0.04835399999999884,8.792487707011276e-06
0.0001600495338902072,0.04835199999999884,4.002929007170845e-06
0.00019093022661207623,0.04834999999999884,6.844966099632899e-06
0.00021163925913645663,0.048347999999998836,9.73433618540597e-06
0.0002234765145540413,0.048345999999998834,1.8701949888806722e-06
0.00023985963455847698,0.048343999999998825,7.1555986164386705e-06
0.000247502720272899,0.04834199999999882,8.749974385196454e-06
0.00024762411506414024,0.04833999999999882,8.924861727534682e-06
0.00025810378597197477,0.04833799999999882,1.2660997546944375e-05
0.0002493661104870248,0.04833599999999882,1.375908318271654e-05
0.00025755927467159475,0.048333999999998815,1.7872859545571716e-05
0.00022772987493555006,0.04833199999999881,2.4584338105803307e-06
0.00020962145869367742,0.04832999999999881,3.821819745453878e-06
0.00020594216093798633,0.04832799999999881,7.266581673104091e-06
0.00018309854408656706,0.04832599999999881,3.3692214845481255e-06
0.0001704151793937365,0.048323999999998805,4.478195359723135e-06
0.00016123788099028038,0.0483219999999988,8.771190856614632e-06
0.00013938696988699577,0.0483199999999988,6.264844427180811e-06
0.00011439149354584677,0.0483179999999988,1.6455804453680022e-06
9.7245383928029e-05,0.0483159999999988,1.8356494741494117e-06
8.337657908915998e-05,0.048313999999998795,3.5283298785718535e-06
7.148908448789356e-05,0.048311999999998786,3.5971402955511906e-06
5.882758133263491e-05,0.048309999999998784,5.708738026775491e-06
4.7514700528961716e-05,0.04830799999999878,2.5599793737965033e-06
4.4246241761067305e-05,0.04830599999999878,3.2686141762879854e-06
4.064621869668655e-05,0.04830399999999878,3.258910352435403e-06
2.9765193104979503e-05,0.048301999999998776,2.633742876808038e-06
